Order_ID,Date,SKU,Qty_Sold,Location,Staff_ID,Revenue,Lead_Time,Risk_Level
ORD-501,9/22/2025,SURG-P-02,18,North,Optician_A,1530,30,Medium Risk
ORD-502,8/16/2025,FRM-M-10,4,North,Optician_C,180,30,Medium Risk
ORD-503,02-07-2025,SURG-P-02,13,East,Optician_A,1105,30,Medium Risk
ORD-504,07-10-2025,SURG-P-02,16,West,Surgeon_K,1360,30,Medium Risk
ORD-505,5/29/2025,LENS-D-01,7,West,Optician_A,87.5,14,Low Risk
ORD-506,1/26/2025,SURG-P-02,24,East,Optician_B,2040,30,Medium Risk
ORD-507,08-12-2025,SURG-L-01,10,North,Optician_C,1500,45,High Risk
ORD-508,4/24/2025,LENS-D-01,8,South,Optician_C,100,14,Low Risk
ORD-509,5/21/2025,LENS-D-01,3,South,Optician_A,37.5,14,Low Risk
ORD-510,11-02-2025,LENS-M-02,21,West,Optician_C,525,21,Medium Risk
ORD-511,7/30/2025,LENS-D-01,7,West,Optician_B,87.5,14,Low Risk
ORD-512,1/20/2025,LENS-D-01,11,North,Optician_A,137.5,14,Low Risk
ORD-513,08-09-2025,FRM-M-10,8,East,Optician_C,360,30,Medium Risk
ORD-514,12-12-2025,SURG-P-02,25,South,Optician_C,2125,30,Medium Risk
ORD-515,03-04-2025,SURG-L-01,1,East,Optician_C,150,45,High Risk
ORD-516,12/26/2025,SOL-S-01,19,North,Optician_A,80.75,7,Low Risk
ORD-517,10-04-2025,SURG-L-01,23,West,Optician_B,3450,45,High Risk
ORD-518,07-07-2025,FRM-M-10,19,West,Optician_B,855,30,Medium Risk
ORD-519,5/22/2025,FRM-M-10,16,South,Optician_A,720,30,Medium Risk
ORD-520,4/28/2025,SURG-L-01,6,South,Optician_B,900,45,High Risk
ORD-521,10/27/2025,LENS-M-02,12,South,Surgeon_K,300,21,Medium Risk
ORD-522,10-10-2025,FRM-M-10,19,West,Optician_B,855,30,Medium Risk
ORD-523,11/13/2025,SURG-L-01,2,East,Optician_A,300,45,High Risk
ORD-524,6/22/2025,LENS-M-02,24,West,Optician_C,600,21,Medium Risk
ORD-525,01-03-2025,SURG-L-01,25,West,Optician_B,3750,45,High Risk
ORD-526,10-05-2025,LENS-D-01,24,North,Optician_A,300,14,Low Risk
ORD-527,4/21/2025,LENS-D-01,18,South,Optician_A,225,14,Low Risk
ORD-528,09-03-2025,LENS-D-01,2,East,Optician_B,25,14,Low Risk
ORD-529,2/17/2025,SOL-S-01,9,South,Optician_A,38.25,7,Low Risk
ORD-530,11-09-2025,SURG-P-02,3,West,Optician_B,255,30,Medium Risk
ORD-531,10-02-2025,SURG-L-01,8,West,Optician_C,1200,45,High Risk
ORD-532,06-03-2025,FRM-M-10,9,North,Surgeon_K,405,30,Medium Risk
ORD-533,8/23/2025,SURG-L-01,18,South,Surgeon_K,2700,45,High Risk
ORD-534,05-11-2025,LENS-M-02,7,East,Optician_C,175,21,Medium Risk
ORD-535,1/31/2025,LENS-M-02,6,North,Optician_B,150,21,Medium Risk
ORD-536,05-07-2025,LENS-M-02,21,West,Surgeon_K,525,21,Medium Risk
ORD-537,04-05-2025,LENS-D-01,24,South,Optician_B,300,14,Low Risk
ORD-538,10/31/2025,SURG-P-02,6,South,Optician_C,510,30,Medium Risk
ORD-539,8/31/2025,FRM-W-12,9,East,Optician_B,436.5,30,Medium Risk
ORD-540,01-01-2025,SOL-S-01,15,East,Optician_A,63.75,7,Low Risk
ORD-541,01-03-2025,SOL-S-01,10,South,Optician_C,42.5,7,Low Risk
ORD-542,12/29/2025,LENS-D-01,6,North,Optician_C,75,14,Low Risk
ORD-543,4/28/2025,LENS-M-02,22,West,Optician_A,550,21,Medium Risk
ORD-544,12/15/2025,LENS-D-01,1,South,Optician_C,12.5,14,Low Risk
ORD-545,3/31/2025,SURG-L-01,8,North,Optician_B,1200,45,High Risk
ORD-546,5/16/2025,LENS-M-02,12,West,Optician_B,300,21,Medium Risk
ORD-547,12-05-2025,SURG-L-01,18,South,Surgeon_K,2700,45,High Risk
ORD-548,7/28/2025,FRM-W-12,1,West,Surgeon_K,48.5,30,Medium Risk
ORD-549,10/13/2025,FRM-M-10,5,East,Optician_B,225,30,Medium Risk
ORD-550,09-03-2025,SURG-P-02,24,East,Optician_B,2040,30,Medium Risk
ORD-551,01-08-2025,FRM-M-10,12,East,Optician_A,540,30,Medium Risk
ORD-552,11/29/2025,SURG-P-02,23,North,Surgeon_K,1955,30,Medium Risk
ORD-553,12/31/2025,SURG-L-01,4,North,Surgeon_K,600,45,High Risk
ORD-554,5/31/2025,FRM-W-12,21,North,Optician_B,1018.5,30,Medium Risk
ORD-555,7/22/2025,FRM-W-12,23,North,Surgeon_K,1115.5,30,Medium Risk
ORD-556,2/27/2025,LENS-D-01,16,East,Optician_C,200,14,Low Risk
ORD-557,10/15/2025,SURG-L-01,16,East,Optician_A,2400,45,High Risk
ORD-558,8/20/2025,FRM-W-12,1,South,Optician_A,48.5,30,Medium Risk
ORD-559,2/14/2025,LENS-M-02,16,North,Optician_B,400,21,Medium Risk
ORD-560,02-08-2025,SURG-P-02,15,South,Optician_B,1275,30,Medium Risk
ORD-561,11-05-2025,FRM-W-12,2,West,Optician_B,97,30,Medium Risk
ORD-562,8/30/2025,SURG-L-01,21,North,Surgeon_K,3150,45,High Risk
ORD-563,04-06-2025,FRM-W-12,20,North,Optician_A,970,30,Medium Risk
ORD-564,9/24/2025,SURG-L-01,17,North,Surgeon_K,2550,45,High Risk
ORD-565,01-04-2025,LENS-M-02,3,East,Optician_C,75,21,Medium Risk
ORD-566,11/21/2025,SOL-S-01,9,South,Optician_C,38.25,7,Low Risk
ORD-567,10-05-2025,SOL-S-01,10,West,Surgeon_K,42.5,7,Low Risk
ORD-568,9/27/2025,FRM-W-12,18,South,Optician_B,873,30,Medium Risk
ORD-569,4/30/2025,FRM-M-10,22,North,Optician_A,990,30,Medium Risk
ORD-570,10-07-2025,SURG-L-01,20,East,Optician_B,3000,45,High Risk
ORD-571,4/22/2025,SURG-L-01,25,South,Optician_B,3750,45,High Risk
ORD-572,1/22/2025,LENS-D-01,17,North,Optician_C,212.5,14,Low Risk
ORD-573,5/21/2025,SURG-L-01,12,West,Optician_A,1800,45,High Risk
ORD-574,11-05-2025,LENS-D-01,5,South,Optician_B,62.5,14,Low Risk
ORD-575,06-11-2025,FRM-M-10,11,East,Optician_C,495,30,Medium Risk
ORD-576,11-08-2025,FRM-M-10,17,North,Optician_A,765,30,Medium Risk
ORD-577,9/15/2025,SURG-L-01,20,South,Surgeon_K,3000,45,High Risk
ORD-578,4/16/2025,LENS-D-01,23,North,Surgeon_K,287.5,14,Low Risk
ORD-579,04-10-2025,SURG-L-01,2,East,Surgeon_K,300,45,High Risk
ORD-580,1/14/2025,FRM-M-10,17,West,Optician_A,765,30,Medium Risk
ORD-581,09-06-2025,SURG-P-02,1,West,Surgeon_K,85,30,Medium Risk
ORD-582,8/19/2025,FRM-M-10,10,South,Optician_C,450,30,Medium Risk
ORD-583,07-08-2025,LENS-D-01,9,West,Surgeon_K,112.5,14,Low Risk
ORD-584,08-02-2025,SOL-S-01,20,South,Optician_A,85,7,Low Risk
ORD-585,3/25/2025,FRM-W-12,16,South,Optician_A,776,30,Medium Risk
ORD-586,12/23/2025,SOL-S-01,22,West,Optician_A,93.5,7,Low Risk
ORD-587,02-02-2025,LENS-M-02,13,South,Optician_C,325,21,Medium Risk
ORD-588,09-11-2025,FRM-W-12,18,South,Optician_A,873,30,Medium Risk
ORD-589,5/19/2025,FRM-W-12,7,North,Optician_A,339.5,30,Medium Risk
ORD-590,10/28/2025,FRM-M-10,1,East,Surgeon_K,45,30,Medium Risk
ORD-591,7/28/2025,SOL-S-01,10,North,Surgeon_K,42.5,7,Low Risk
ORD-592,9/30/2025,LENS-M-02,10,West,Optician_B,250,21,Medium Risk
ORD-593,09-02-2025,SOL-S-01,13,East,Optician_A,55.25,7,Low Risk
ORD-594,05-05-2025,SURG-P-02,2,West,Optician_C,170,30,Medium Risk
ORD-595,05-01-2025,LENS-D-01,4,South,Optician_C,50,14,Low Risk
ORD-596,12/22/2025,SURG-L-01,17,South,Surgeon_K,2550,45,High Risk
ORD-597,10/16/2025,SOL-S-01,19,West,Surgeon_K,80.75,7,Low Risk
ORD-598,11/24/2025,SOL-S-01,21,North,Optician_B,89.25,7,Low Risk
ORD-599,1/16/2025,LENS-M-02,13,North,Surgeon_K,325,21,Medium Risk
ORD-600,10/31/2025,SURG-P-02,16,West,Surgeon_K,1360,30,Medium Risk
ORD-601,07-08-2025,LENS-M-02,18,East,Surgeon_K,450,21,Medium Risk
ORD-602,11/28/2025,LENS-M-02,5,South,Surgeon_K,125,21,Medium Risk
ORD-603,6/15/2025,SURG-P-02,25,East,Optician_C,2125,30,Medium Risk
ORD-604,06-04-2025,FRM-M-10,13,East,Surgeon_K,585,30,Medium Risk
ORD-605,9/28/2025,LENS-D-01,10,North,Optician_B,125,14,Low Risk
ORD-606,2/22/2025,FRM-M-10,18,East,Optician_B,810,30,Medium Risk
ORD-607,6/21/2025,LENS-M-02,3,West,Optician_C,75,21,Medium Risk
ORD-608,3/21/2025,SOL-S-01,24,East,Surgeon_K,102,7,Low Risk
ORD-609,02-04-2025,LENS-M-02,8,North,Optician_B,200,21,Medium Risk
ORD-610,12/24/2025,LENS-M-02,4,North,Surgeon_K,100,21,Medium Risk
ORD-611,3/31/2025,SURG-P-02,7,South,Optician_A,595,30,Medium Risk
ORD-612,10-09-2025,LENS-D-01,16,North,Optician_C,200,14,Low Risk
ORD-613,5/26/2025,FRM-M-10,14,North,Optician_C,630,30,Medium Risk
ORD-614,5/21/2025,FRM-M-10,18,East,Optician_C,810,30,Medium Risk
ORD-615,9/18/2025,SURG-P-02,21,North,Optician_A,1785,30,Medium Risk
ORD-616,09-05-2025,FRM-M-10,25,South,Optician_B,1125,30,Medium Risk
ORD-617,11/19/2025,SOL-S-01,14,East,Surgeon_K,59.5,7,Low Risk
ORD-618,03-03-2025,FRM-M-10,15,South,Optician_B,675,30,Medium Risk
ORD-619,6/16/2025,FRM-W-12,14,West,Surgeon_K,679,30,Medium Risk
ORD-620,11/22/2025,LENS-M-02,6,West,Optician_C,150,21,Medium Risk
ORD-621,8/18/2025,LENS-M-02,7,South,Optician_C,175,21,Medium Risk
ORD-622,6/25/2025,FRM-W-12,11,North,Optician_C,533.5,30,Medium Risk
ORD-623,10-05-2025,SOL-S-01,11,South,Optician_B,46.75,7,Low Risk
ORD-624,7/26/2025,SURG-L-01,19,South,Optician_C,2850,45,High Risk
ORD-625,12-03-2025,FRM-M-10,12,East,Optician_A,540,30,Medium Risk
ORD-626,9/24/2025,SURG-L-01,7,South,Surgeon_K,1050,45,High Risk
ORD-627,2/18/2025,FRM-M-10,21,West,Optician_A,945,30,Medium Risk
ORD-628,10/18/2025,LENS-D-01,9,North,Surgeon_K,112.5,14,Low Risk
ORD-629,03-10-2025,FRM-W-12,15,North,Optician_B,727.5,30,Medium Risk
ORD-630,9/22/2025,SURG-P-02,2,South,Optician_A,170,30,Medium Risk
ORD-631,2/27/2025,SURG-L-01,20,South,Surgeon_K,3000,45,High Risk
ORD-632,02-11-2025,SURG-L-01,14,South,Optician_B,2100,45,High Risk
ORD-633,9/14/2025,LENS-M-02,1,East,Optician_B,25,21,Medium Risk
ORD-634,4/24/2025,LENS-D-01,3,South,Optician_C,37.5,14,Low Risk
ORD-635,5/20/2025,SURG-L-01,13,West,Optician_A,1950,45,High Risk
ORD-636,11/18/2025,FRM-M-10,22,North,Optician_B,990,30,Medium Risk
ORD-637,01-01-2025,FRM-W-12,13,East,Optician_A,630.5,30,Medium Risk
ORD-638,05-12-2025,LENS-M-02,4,South,Surgeon_K,100,21,Medium Risk
ORD-639,05-05-2025,FRM-M-10,16,North,Optician_B,720,30,Medium Risk
ORD-640,07-05-2025,SURG-P-02,2,North,Optician_B,170,30,Medium Risk
ORD-641,07-04-2025,FRM-M-10,21,West,Surgeon_K,945,30,Medium Risk
ORD-642,12/24/2025,LENS-D-01,2,South,Optician_A,25,14,Low Risk
ORD-643,10-06-2025,LENS-M-02,16,West,Surgeon_K,400,21,Medium Risk
ORD-644,2/18/2025,SURG-L-01,3,West,Surgeon_K,450,45,High Risk
ORD-645,12/14/2025,LENS-M-02,2,North,Optician_B,50,21,Medium Risk
ORD-646,07-09-2025,FRM-M-10,13,West,Optician_B,585,30,Medium Risk
ORD-647,10-08-2025,SURG-L-01,25,South,Surgeon_K,3750,45,High Risk
ORD-648,07-12-2025,SURG-L-01,24,South,Optician_C,3600,45,High Risk
ORD-649,06-11-2025,FRM-W-12,18,North,Surgeon_K,873,30,Medium Risk
ORD-650,7/15/2025,SOL-S-01,3,West,Optician_B,12.75,7,Low Risk
ORD-651,9/28/2025,SURG-L-01,4,North,Surgeon_K,600,45,High Risk
ORD-652,1/13/2025,SOL-S-01,12,East,Optician_B,51,7,Low Risk
ORD-653,6/21/2025,LENS-D-01,16,South,Surgeon_K,200,14,Low Risk
ORD-654,2/22/2025,SOL-S-01,4,North,Optician_A,17,7,Low Risk
ORD-655,06-11-2025,LENS-D-01,25,East,Surgeon_K,312.5,14,Low Risk
ORD-656,12-11-2025,SURG-P-02,19,South,Optician_B,1615,30,Medium Risk
ORD-657,01-09-2025,SURG-P-02,22,East,Surgeon_K,1870,30,Medium Risk
ORD-658,5/18/2025,FRM-W-12,9,East,Optician_C,436.5,30,Medium Risk
ORD-659,10/28/2025,SOL-S-01,2,East,Optician_C,8.5,7,Low Risk
ORD-660,2/15/2025,SOL-S-01,11,East,Optician_A,46.75,7,Low Risk
ORD-661,8/23/2025,SURG-P-02,17,West,Optician_C,1445,30,Medium Risk
ORD-662,10/25/2025,FRM-W-12,12,South,Optician_A,582,30,Medium Risk
ORD-663,9/23/2025,LENS-M-02,17,North,Optician_A,425,21,Medium Risk
ORD-664,4/17/2025,FRM-W-12,13,South,Surgeon_K,630.5,30,Medium Risk
ORD-665,11/27/2025,SURG-P-02,22,East,Optician_C,1870,30,Medium Risk
ORD-666,9/23/2025,SOL-S-01,25,East,Optician_B,106.25,7,Low Risk
ORD-667,11-08-2025,SOL-S-01,8,East,Surgeon_K,34,7,Low Risk
ORD-668,12/26/2025,LENS-M-02,11,West,Optician_A,275,21,Medium Risk
ORD-669,07-10-2025,FRM-W-12,25,West,Surgeon_K,1212.5,30,Medium Risk
ORD-670,11/30/2025,SOL-S-01,8,East,Optician_A,34,7,Low Risk
ORD-671,12/16/2025,SURG-L-01,22,West,Surgeon_K,3300,45,High Risk
ORD-672,05-06-2025,SURG-P-02,16,East,Optician_B,1360,30,Medium Risk
ORD-673,9/25/2025,SURG-L-01,20,East,Optician_C,3000,45,High Risk
ORD-674,7/27/2025,LENS-D-01,11,West,Surgeon_K,137.5,14,Low Risk
ORD-675,7/31/2025,SOL-S-01,7,North,Optician_A,29.75,7,Low Risk
ORD-676,05-02-2025,LENS-M-02,25,East,Optician_A,625,21,Medium Risk
ORD-677,6/27/2025,SOL-S-01,13,North,Optician_C,55.25,7,Low Risk
ORD-678,03-07-2025,SURG-P-02,18,North,Optician_B,1530,30,Medium Risk
ORD-679,05-03-2025,LENS-M-02,3,South,Surgeon_K,75,21,Medium Risk
ORD-680,04-03-2025,LENS-D-01,4,South,Surgeon_K,50,14,Low Risk
ORD-681,03-03-2025,LENS-M-02,3,West,Optician_A,75,21,Medium Risk
ORD-682,11/24/2025,SOL-S-01,14,East,Optician_A,59.5,7,Low Risk
ORD-683,5/27/2025,FRM-W-12,7,South,Optician_A,339.5,30,Medium Risk
ORD-684,6/15/2025,FRM-W-12,5,South,Optician_A,242.5,30,Medium Risk
ORD-685,11-08-2025,LENS-D-01,3,South,Optician_B,37.5,14,Low Risk
ORD-686,02-09-2025,LENS-M-02,9,East,Surgeon_K,225,21,Medium Risk
ORD-687,09-10-2025,SOL-S-01,18,South,Optician_C,76.5,7,Low Risk
ORD-688,4/29/2025,SURG-L-01,19,South,Optician_A,2850,45,High Risk
ORD-689,06-06-2025,SOL-S-01,20,West,Optician_B,85,7,Low Risk
ORD-690,04-10-2025,SURG-P-02,25,North,Surgeon_K,2125,30,Medium Risk
ORD-691,10-05-2025,LENS-D-01,18,North,Optician_C,225,14,Low Risk
ORD-692,2/27/2025,LENS-D-01,7,South,Optician_B,87.5,14,Low Risk
ORD-693,05-03-2025,FRM-W-12,23,North,Surgeon_K,1115.5,30,Medium Risk
ORD-694,2/20/2025,FRM-M-10,22,West,Optician_C,990,30,Medium Risk
ORD-695,5/19/2025,LENS-D-01,11,East,Surgeon_K,137.5,14,Low Risk
ORD-696,10/16/2025,FRM-W-12,22,North,Optician_B,1067,30,Medium Risk
ORD-697,02-08-2025,LENS-D-01,6,West,Surgeon_K,75,14,Low Risk
ORD-698,3/14/2025,FRM-M-10,16,East,Surgeon_K,720,30,Medium Risk
ORD-699,7/17/2025,FRM-W-12,11,East,Optician_B,533.5,30,Medium Risk
ORD-700,5/28/2025,SURG-L-01,15,South,Optician_A,2250,45,High Risk
ORD-701,07-08-2025,SURG-P-02,17,North,Surgeon_K,1445,30,Medium Risk
ORD-702,4/22/2025,LENS-D-01,18,North,Optician_C,225,14,Low Risk
ORD-703,09-08-2025,LENS-D-01,7,East,Optician_B,87.5,14,Low Risk
ORD-704,11-04-2025,FRM-M-10,5,North,Surgeon_K,225,30,Medium Risk
ORD-705,01-11-2025,SURG-P-02,24,West,Optician_C,2040,30,Medium Risk
ORD-706,04-11-2025,SOL-S-01,18,South,Optician_A,76.5,7,Low Risk
ORD-707,04-12-2025,FRM-W-12,17,West,Optician_C,824.5,30,Medium Risk
ORD-708,6/23/2025,LENS-M-02,10,South,Surgeon_K,250,21,Medium Risk
ORD-709,09-03-2025,LENS-D-01,21,South,Optician_A,262.5,14,Low Risk
ORD-710,11-01-2025,SOL-S-01,13,East,Optician_C,55.25,7,Low Risk
ORD-711,12-12-2025,SOL-S-01,6,West,Optician_A,25.5,7,Low Risk
ORD-712,06-07-2025,SOL-S-01,6,North,Surgeon_K,25.5,7,Low Risk
ORD-713,07-05-2025,SOL-S-01,1,West,Optician_A,4.25,7,Low Risk
ORD-714,3/31/2025,SURG-L-01,12,South,Optician_A,1800,45,High Risk
ORD-715,11-07-2025,FRM-W-12,3,North,Optician_B,145.5,30,Medium Risk
ORD-716,02-09-2025,LENS-D-01,9,East,Surgeon_K,112.5,14,Low Risk
ORD-717,10-12-2025,FRM-M-10,4,East,Surgeon_K,180,30,Medium Risk
ORD-718,2/16/2025,LENS-M-02,2,North,Optician_A,50,21,Medium Risk
ORD-719,9/19/2025,LENS-M-02,14,West,Optician_A,350,21,Medium Risk
ORD-720,4/18/2025,SURG-L-01,5,East,Optician_C,750,45,High Risk
ORD-721,10/25/2025,FRM-W-12,22,South,Optician_C,1067,30,Medium Risk
ORD-722,03-03-2025,FRM-M-10,24,West,Optician_A,1080,30,Medium Risk
ORD-723,10/25/2025,FRM-W-12,12,East,Optician_C,582,30,Medium Risk
ORD-724,08-05-2025,LENS-M-02,2,North,Optician_B,50,21,Medium Risk
ORD-725,10-03-2025,LENS-D-01,7,West,Optician_B,87.5,14,Low Risk
ORD-726,01-09-2025,SURG-P-02,1,East,Optician_C,85,30,Medium Risk
ORD-727,08-10-2025,LENS-D-01,16,South,Optician_A,200,14,Low Risk
ORD-728,12-05-2025,LENS-D-01,24,North,Optician_C,300,14,Low Risk
ORD-729,7/23/2025,SURG-P-02,21,North,Surgeon_K,1785,30,Medium Risk
ORD-730,7/25/2025,FRM-W-12,18,South,Optician_B,873,30,Medium Risk
ORD-731,11-09-2025,FRM-W-12,11,North,Surgeon_K,533.5,30,Medium Risk
ORD-732,12/21/2025,SURG-P-02,3,East,Optician_B,255,30,Medium Risk
ORD-733,12/16/2025,SURG-L-01,4,South,Optician_A,600,45,High Risk
ORD-734,05-05-2025,FRM-M-10,6,West,Optician_A,270,30,Medium Risk
ORD-735,03-02-2025,FRM-M-10,15,South,Optician_C,675,30,Medium Risk
ORD-736,5/17/2025,SOL-S-01,20,South,Optician_B,85,7,Low Risk
ORD-737,6/15/2025,FRM-W-12,18,East,Optician_C,873,30,Medium Risk
ORD-738,10/14/2025,FRM-W-12,8,East,Optician_A,388,30,Medium Risk
ORD-739,11/16/2025,SOL-S-01,19,East,Surgeon_K,80.75,7,Low Risk
ORD-740,02-08-2025,SURG-L-01,17,East,Optician_B,2550,45,High Risk
ORD-741,07-11-2025,LENS-M-02,18,North,Optician_A,450,21,Medium Risk
ORD-742,09-09-2025,LENS-D-01,22,South,Surgeon_K,275,14,Low Risk
ORD-743,04-02-2025,FRM-W-12,25,North,Optician_A,1212.5,30,Medium Risk
ORD-744,3/26/2025,LENS-M-02,17,East,Optician_A,425,21,Medium Risk
ORD-745,11-11-2025,LENS-D-01,3,North,Optician_C,37.5,14,Low Risk
ORD-746,1/27/2025,FRM-W-12,15,West,Surgeon_K,727.5,30,Medium Risk
ORD-747,12/28/2025,SURG-P-02,16,West,Optician_B,1360,30,Medium Risk
ORD-748,07-01-2025,SOL-S-01,22,South,Optician_C,93.5,7,Low Risk
ORD-749,7/23/2025,LENS-M-02,7,East,Optician_B,175,21,Medium Risk
ORD-750,04-10-2025,SOL-S-01,3,East,Optician_A,12.75,7,Low Risk
ORD-751,01-03-2025,FRM-W-12,6,East,Optician_B,291,30,Medium Risk
ORD-752,02-08-2025,SOL-S-01,10,East,Optician_B,42.5,7,Low Risk
ORD-753,05-12-2025,SURG-P-02,2,West,Optician_C,170,30,Medium Risk
ORD-754,04-11-2025,FRM-M-10,10,South,Surgeon_K,450,30,Medium Risk
ORD-755,09-01-2025,FRM-M-10,6,East,Optician_A,270,30,Medium Risk
ORD-756,08-12-2025,FRM-M-10,21,South,Optician_C,945,30,Medium Risk
ORD-757,5/13/2025,SURG-L-01,3,South,Optician_B,450,45,High Risk
ORD-758,8/20/2025,SURG-L-01,13,West,Optician_C,1950,45,High Risk
ORD-759,09-02-2025,LENS-M-02,25,North,Optician_A,625,21,Medium Risk
ORD-760,7/23/2025,LENS-M-02,4,North,Optician_A,100,21,Medium Risk
ORD-761,03-11-2025,LENS-D-01,14,South,Optician_C,175,14,Low Risk
ORD-762,4/26/2025,LENS-D-01,13,South,Surgeon_K,162.5,14,Low Risk
ORD-763,6/20/2025,FRM-M-10,25,West,Surgeon_K,1125,30,Medium Risk
ORD-764,04-10-2025,FRM-W-12,18,South,Optician_A,873,30,Medium Risk
ORD-765,12/29/2025,FRM-M-10,7,North,Optician_C,315,30,Medium Risk
ORD-766,9/18/2025,SURG-L-01,14,East,Optician_C,2100,45,High Risk
ORD-767,9/21/2025,FRM-W-12,17,East,Optician_C,824.5,30,Medium Risk
ORD-768,7/24/2025,LENS-M-02,7,South,Optician_C,175,21,Medium Risk
ORD-769,3/18/2025,SURG-P-02,25,South,Optician_C,2125,30,Medium Risk
ORD-770,05-11-2025,FRM-W-12,10,West,Optician_B,485,30,Medium Risk
ORD-771,7/20/2025,FRM-W-12,16,East,Optician_B,776,30,Medium Risk
ORD-772,07-06-2025,LENS-D-01,18,West,Optician_A,225,14,Low Risk
ORD-773,7/26/2025,LENS-D-01,6,North,Optician_C,75,14,Low Risk
ORD-774,07-02-2025,FRM-M-10,4,West,Optician_C,180,30,Medium Risk
ORD-775,12-11-2025,LENS-D-01,14,South,Optician_B,175,14,Low Risk
ORD-776,5/24/2025,SURG-P-02,1,South,Optician_A,85,30,Medium Risk
ORD-777,12/24/2025,LENS-M-02,2,West,Optician_A,50,21,Medium Risk
ORD-778,8/21/2025,LENS-M-02,6,South,Optician_B,150,21,Medium Risk
ORD-779,9/29/2025,LENS-M-02,15,South,Optician_B,375,21,Medium Risk
ORD-780,10/31/2025,FRM-W-12,6,South,Optician_B,291,30,Medium Risk
ORD-781,03-11-2025,SOL-S-01,25,South,Optician_C,106.25,7,Low Risk
ORD-782,01-02-2025,LENS-M-02,17,East,Optician_A,425,21,Medium Risk
ORD-783,01-05-2025,FRM-W-12,25,South,Optician_A,1212.5,30,Medium Risk
ORD-784,12/18/2025,FRM-W-12,14,East,Surgeon_K,679,30,Medium Risk
ORD-785,5/22/2025,LENS-D-01,14,South,Optician_B,175,14,Low Risk
ORD-786,04-08-2025,SOL-S-01,20,West,Optician_A,85,7,Low Risk
ORD-787,8/19/2025,LENS-D-01,22,North,Optician_A,275,14,Low Risk
ORD-788,9/15/2025,LENS-M-02,19,North,Optician_B,475,21,Medium Risk
ORD-789,04-06-2025,SOL-S-01,21,South,Surgeon_K,89.25,7,Low Risk
ORD-790,1/28/2025,FRM-W-12,1,East,Surgeon_K,48.5,30,Medium Risk
ORD-791,7/13/2025,SURG-P-02,8,West,Optician_C,680,30,Medium Risk
ORD-792,3/18/2025,FRM-M-10,19,North,Surgeon_K,855,30,Medium Risk
ORD-793,05-06-2025,SOL-S-01,22,South,Optician_C,93.5,7,Low Risk
ORD-794,12-07-2025,SOL-S-01,25,South,Optician_B,106.25,7,Low Risk
ORD-795,05-12-2025,SURG-P-02,20,North,Optician_A,1700,30,Medium Risk
ORD-796,6/27/2025,FRM-W-12,16,East,Optician_C,776,30,Medium Risk
ORD-797,01-02-2025,FRM-W-12,7,North,Optician_C,339.5,30,Medium Risk
ORD-798,4/27/2025,FRM-W-12,25,West,Surgeon_K,1212.5,30,Medium Risk
ORD-799,8/16/2025,FRM-M-10,22,West,Optician_C,990,30,Medium Risk
ORD-800,12/14/2025,SOL-S-01,13,North,Optician_A,55.25,7,Low Risk
ORD-801,6/28/2025,FRM-M-10,15,West,Optician_B,675,30,Medium Risk
ORD-802,05-05-2025,SURG-P-02,19,West,Optician_B,1615,30,Medium Risk
ORD-803,1/14/2025,FRM-W-12,5,West,Optician_C,242.5,30,Medium Risk
ORD-804,7/13/2025,FRM-M-10,2,West,Surgeon_K,90,30,Medium Risk
ORD-805,5/24/2025,LENS-D-01,24,North,Optician_B,300,14,Low Risk
ORD-806,4/30/2025,SURG-L-01,13,West,Optician_A,1950,45,High Risk
ORD-807,11/24/2025,LENS-M-02,18,North,Optician_C,450,21,Medium Risk
ORD-808,07-08-2025,LENS-M-02,6,South,Optician_B,150,21,Medium Risk
ORD-809,05-01-2025,SURG-L-01,1,South,Optician_B,150,45,High Risk
ORD-810,3/19/2025,LENS-D-01,4,East,Optician_B,50,14,Low Risk
ORD-811,9/17/2025,SURG-L-01,16,East,Optician_C,2400,45,High Risk
ORD-812,4/23/2025,FRM-W-12,19,East,Optician_B,921.5,30,Medium Risk
ORD-813,4/13/2025,LENS-M-02,12,North,Optician_A,300,21,Medium Risk
ORD-814,10/31/2025,SURG-P-02,7,West,Surgeon_K,595,30,Medium Risk
ORD-815,04-12-2025,LENS-M-02,15,North,Optician_A,375,21,Medium Risk
ORD-816,5/19/2025,FRM-W-12,6,North,Optician_A,291,30,Medium Risk
ORD-817,9/15/2025,FRM-M-10,8,West,Optician_A,360,30,Medium Risk
ORD-818,07-02-2025,FRM-M-10,10,North,Surgeon_K,450,30,Medium Risk
ORD-819,03-02-2025,LENS-D-01,15,East,Surgeon_K,187.5,14,Low Risk
ORD-820,3/13/2025,SURG-L-01,18,West,Optician_B,2700,45,High Risk
ORD-821,02-01-2025,LENS-M-02,2,East,Optician_C,50,21,Medium Risk
ORD-822,01-01-2025,SOL-S-01,22,South,Optician_B,93.5,7,Low Risk
ORD-823,12-12-2025,SURG-L-01,7,West,Surgeon_K,1050,45,High Risk
ORD-824,1/26/2025,LENS-D-01,6,West,Optician_C,75,14,Low Risk
ORD-825,10/15/2025,FRM-M-10,2,North,Optician_B,90,30,Medium Risk
ORD-826,3/31/2025,FRM-W-12,7,South,Surgeon_K,339.5,30,Medium Risk
ORD-827,9/23/2025,FRM-M-10,25,North,Optician_B,1125,30,Medium Risk
ORD-828,10-01-2025,FRM-M-10,21,East,Optician_C,945,30,Medium Risk
ORD-829,04-04-2025,LENS-D-01,11,East,Optician_B,137.5,14,Low Risk
ORD-830,4/28/2025,FRM-W-12,11,North,Optician_C,533.5,30,Medium Risk
ORD-831,10-08-2025,SURG-P-02,19,North,Optician_A,1615,30,Medium Risk
ORD-832,10/16/2025,FRM-M-10,20,South,Surgeon_K,900,30,Medium Risk
ORD-833,06-06-2025,SURG-P-02,20,West,Surgeon_K,1700,30,Medium Risk
ORD-834,08-07-2025,LENS-D-01,17,South,Optician_A,212.5,14,Low Risk
ORD-835,04-07-2025,LENS-M-02,15,South,Optician_A,375,21,Medium Risk
ORD-836,3/20/2025,FRM-W-12,1,North,Optician_B,48.5,30,Medium Risk
ORD-837,10/14/2025,SURG-P-02,21,East,Optician_B,1785,30,Medium Risk
ORD-838,3/27/2025,SURG-L-01,3,East,Optician_C,450,45,High Risk
ORD-839,12/14/2025,FRM-W-12,21,North,Optician_C,1018.5,30,Medium Risk
ORD-840,10-04-2025,LENS-D-01,12,South,Optician_C,150,14,Low Risk
ORD-841,08-09-2025,SURG-L-01,20,North,Surgeon_K,3000,45,High Risk
ORD-842,7/25/2025,FRM-M-10,22,South,Optician_A,990,30,Medium Risk
ORD-843,1/26/2025,SURG-P-02,10,South,Optician_B,850,30,Medium Risk
ORD-844,11-03-2025,SURG-P-02,11,North,Optician_B,935,30,Medium Risk
ORD-845,06-02-2025,LENS-M-02,12,North,Surgeon_K,300,21,Medium Risk
ORD-846,11-07-2025,SOL-S-01,1,North,Surgeon_K,4.25,7,Low Risk
ORD-847,7/16/2025,SOL-S-01,12,East,Optician_B,51,7,Low Risk
ORD-848,9/20/2025,SURG-P-02,7,West,Optician_C,595,30,Medium Risk
ORD-849,03-06-2025,SURG-L-01,9,South,Optician_B,1350,45,High Risk
ORD-850,5/25/2025,SURG-L-01,23,East,Surgeon_K,3450,45,High Risk
ORD-851,12/21/2025,SURG-L-01,3,East,Optician_B,450,45,High Risk
ORD-852,12/25/2025,LENS-D-01,1,West,Optician_A,12.5,14,Low Risk
ORD-853,02-02-2025,SURG-L-01,23,South,Optician_C,3450,45,High Risk
ORD-854,3/19/2025,LENS-D-01,17,East,Optician_A,212.5,14,Low Risk
ORD-855,12/26/2025,SURG-L-01,23,West,Optician_C,3450,45,High Risk
ORD-856,10-03-2025,SOL-S-01,4,South,Optician_C,17,7,Low Risk
ORD-857,01-01-2025,FRM-M-10,23,West,Optician_A,1035,30,Medium Risk
ORD-858,04-06-2025,LENS-M-02,23,South,Optician_B,575,21,Medium Risk
ORD-859,6/30/2025,FRM-M-10,22,West,Surgeon_K,990,30,Medium Risk
ORD-860,6/20/2025,FRM-M-10,14,North,Optician_C,630,30,Medium Risk
ORD-861,04-06-2025,LENS-M-02,23,North,Optician_B,575,21,Medium Risk
ORD-862,12/30/2025,FRM-M-10,3,East,Optician_A,135,30,Medium Risk
ORD-863,7/14/2025,FRM-M-10,11,East,Optician_A,495,30,Medium Risk
ORD-864,1/29/2025,FRM-W-12,17,West,Optician_B,824.5,30,Medium Risk
ORD-865,9/28/2025,FRM-W-12,1,East,Optician_C,48.5,30,Medium Risk
ORD-866,11/24/2025,LENS-M-02,16,East,Optician_C,400,21,Medium Risk
ORD-867,11/22/2025,SURG-P-02,19,West,Optician_A,1615,30,Medium Risk
ORD-868,3/25/2025,FRM-W-12,21,East,Optician_C,1018.5,30,Medium Risk
ORD-869,3/23/2025,SOL-S-01,23,South,Surgeon_K,97.75,7,Low Risk
ORD-870,4/28/2025,SURG-L-01,10,West,Optician_A,1500,45,High Risk
ORD-871,12/14/2025,SURG-P-02,8,East,Optician_C,680,30,Medium Risk
ORD-872,03-05-2025,FRM-W-12,21,North,Optician_B,1018.5,30,Medium Risk
ORD-873,03-08-2025,FRM-W-12,22,East,Surgeon_K,1067,30,Medium Risk
ORD-874,10/17/2025,SURG-P-02,13,East,Optician_C,1105,30,Medium Risk
ORD-875,6/18/2025,LENS-M-02,23,East,Optician_B,575,21,Medium Risk
ORD-876,2/16/2025,LENS-M-02,15,East,Optician_B,375,21,Medium Risk
ORD-877,5/31/2025,FRM-M-10,17,West,Surgeon_K,765,30,Medium Risk
ORD-878,6/26/2025,FRM-M-10,20,West,Optician_A,900,30,Medium Risk
ORD-879,10-10-2025,LENS-M-02,1,East,Surgeon_K,25,21,Medium Risk
ORD-880,10/19/2025,FRM-M-10,15,West,Optician_A,675,30,Medium Risk
ORD-881,07-05-2025,SURG-P-02,22,East,Optician_C,1870,30,Medium Risk
ORD-882,10/27/2025,SURG-P-02,18,West,Optician_A,1530,30,Medium Risk
ORD-883,8/30/2025,LENS-M-02,12,East,Optician_B,300,21,Medium Risk
ORD-884,12/31/2025,SURG-P-02,4,North,Optician_A,340,30,Medium Risk
ORD-885,9/15/2025,LENS-D-01,21,South,Optician_C,262.5,14,Low Risk
ORD-886,08-11-2025,LENS-M-02,22,South,Optician_B,550,21,Medium Risk
ORD-887,9/26/2025,SURG-L-01,20,West,Optician_A,3000,45,High Risk
ORD-888,04-02-2025,SURG-P-02,14,North,Optician_A,1190,30,Medium Risk
ORD-889,3/19/2025,SURG-L-01,12,West,Surgeon_K,1800,45,High Risk
ORD-890,9/29/2025,FRM-W-12,6,North,Optician_C,291,30,Medium Risk
ORD-891,06-08-2025,SURG-P-02,4,North,Optician_A,340,30,Medium Risk
ORD-892,05-10-2025,SOL-S-01,25,West,Surgeon_K,106.25,7,Low Risk
ORD-893,12/29/2025,FRM-W-12,18,West,Optician_C,873,30,Medium Risk
ORD-894,2/16/2025,FRM-M-10,4,East,Surgeon_K,180,30,Medium Risk
ORD-895,09-04-2025,SURG-P-02,8,North,Optician_C,680,30,Medium Risk
ORD-896,07-04-2025,LENS-D-01,10,South,Optician_A,125,14,Low Risk
ORD-897,11/29/2025,FRM-W-12,23,North,Optician_C,1115.5,30,Medium Risk
ORD-898,10/27/2025,SURG-L-01,4,South,Surgeon_K,600,45,High Risk
ORD-899,4/19/2025,SOL-S-01,23,East,Surgeon_K,97.75,7,Low Risk
ORD-900,08-09-2025,LENS-D-01,12,West,Surgeon_K,150,14,Low Risk
ORD-901,01-12-2025,LENS-D-01,12,East,Optician_B,150,14,Low Risk
ORD-902,11-06-2025,SURG-L-01,3,East,Optician_B,450,45,High Risk
ORD-903,03-08-2025,SURG-P-02,4,West,Optician_B,340,30,Medium Risk
ORD-904,11-02-2025,SURG-P-02,7,West,Surgeon_K,595,30,Medium Risk
ORD-905,11/15/2025,LENS-D-01,3,West,Optician_C,37.5,14,Low Risk
ORD-906,06-07-2025,FRM-M-10,24,North,Optician_B,1080,30,Medium Risk
ORD-907,05-06-2025,SURG-L-01,18,West,Surgeon_K,2700,45,High Risk
ORD-908,09-03-2025,SOL-S-01,18,North,Optician_B,76.5,7,Low Risk
ORD-909,12/28/2025,LENS-D-01,24,South,Surgeon_K,300,14,Low Risk
ORD-910,8/27/2025,SURG-P-02,6,East,Optician_B,510,30,Medium Risk
ORD-911,10/31/2025,FRM-M-10,25,East,Surgeon_K,1125,30,Medium Risk
ORD-912,5/19/2025,SOL-S-01,11,South,Optician_B,46.75,7,Low Risk
ORD-913,04-09-2025,SURG-P-02,19,North,Optician_B,1615,30,Medium Risk
ORD-914,10-04-2025,FRM-W-12,8,South,Surgeon_K,388,30,Medium Risk
ORD-915,3/31/2025,SURG-L-01,25,West,Optician_C,3750,45,High Risk
ORD-916,5/29/2025,FRM-M-10,20,West,Surgeon_K,900,30,Medium Risk
ORD-917,08-02-2025,SURG-P-02,11,North,Optician_A,935,30,Medium Risk
ORD-918,02-02-2025,LENS-D-01,25,East,Optician_B,312.5,14,Low Risk
ORD-919,03-10-2025,LENS-D-01,14,North,Optician_B,175,14,Low Risk
ORD-920,1/15/2025,LENS-M-02,23,West,Surgeon_K,575,21,Medium Risk
ORD-921,9/28/2025,LENS-M-02,23,North,Surgeon_K,575,21,Medium Risk
ORD-922,1/26/2025,SURG-L-01,3,East,Surgeon_K,450,45,High Risk
ORD-923,4/28/2025,LENS-M-02,13,South,Optician_A,325,21,Medium Risk
ORD-924,12-05-2025,SURG-L-01,19,South,Optician_A,2850,45,High Risk
ORD-925,10-06-2025,SURG-L-01,2,West,Surgeon_K,300,45,High Risk
ORD-926,12-09-2025,FRM-W-12,18,North,Optician_A,873,30,Medium Risk
ORD-927,9/20/2025,LENS-D-01,9,West,Optician_A,112.5,14,Low Risk
ORD-928,11-06-2025,SOL-S-01,10,South,Optician_A,42.5,7,Low Risk
ORD-929,05-07-2025,FRM-M-10,6,West,Optician_B,270,30,Medium Risk
ORD-930,6/27/2025,SURG-P-02,25,North,Optician_B,2125,30,Medium Risk
ORD-931,7/24/2025,SURG-P-02,14,South,Optician_A,1190,30,Medium Risk
ORD-932,9/30/2025,LENS-D-01,13,West,Optician_A,162.5,14,Low Risk
ORD-933,9/22/2025,SURG-L-01,4,East,Optician_B,600,45,High Risk
ORD-934,3/30/2025,LENS-M-02,21,South,Optician_A,525,21,Medium Risk
ORD-935,08-12-2025,FRM-W-12,15,West,Optician_B,727.5,30,Medium Risk
ORD-936,1/17/2025,LENS-D-01,2,South,Optician_C,25,14,Low Risk
ORD-937,8/16/2025,LENS-D-01,10,West,Optician_A,125,14,Low Risk
ORD-938,07-03-2025,SURG-P-02,1,North,Optician_A,85,30,Medium Risk
ORD-939,1/25/2025,SOL-S-01,24,North,Optician_C,102,7,Low Risk
ORD-940,2/24/2025,LENS-D-01,18,West,Surgeon_K,225,14,Low Risk
ORD-941,8/23/2025,FRM-M-10,19,West,Surgeon_K,855,30,Medium Risk
ORD-942,12-05-2025,SOL-S-01,7,West,Surgeon_K,29.75,7,Low Risk
ORD-943,3/26/2025,SOL-S-01,3,South,Optician_A,12.75,7,Low Risk
ORD-944,6/21/2025,LENS-M-02,7,North,Optician_C,175,21,Medium Risk
ORD-945,12/14/2025,SURG-P-02,24,West,Surgeon_K,2040,30,Medium Risk
ORD-946,8/17/2025,LENS-M-02,7,North,Optician_C,175,21,Medium Risk
ORD-947,10-12-2025,FRM-W-12,14,South,Optician_C,679,30,Medium Risk
ORD-948,7/26/2025,LENS-D-01,23,West,Optician_B,287.5,14,Low Risk
ORD-949,8/20/2025,LENS-M-02,7,West,Surgeon_K,175,21,Medium Risk
ORD-950,12-06-2025,FRM-W-12,20,West,Optician_A,970,30,Medium Risk
ORD-951,06-03-2025,LENS-M-02,21,South,Optician_B,525,21,Medium Risk
ORD-952,2/26/2025,LENS-M-02,12,West,Surgeon_K,300,21,Medium Risk
ORD-953,7/23/2025,FRM-M-10,12,North,Optician_C,540,30,Medium Risk
ORD-954,05-01-2025,SURG-L-01,21,West,Optician_A,3150,45,High Risk
ORD-955,03-01-2025,FRM-W-12,17,South,Surgeon_K,824.5,30,Medium Risk
ORD-956,7/13/2025,LENS-D-01,21,North,Optician_B,262.5,14,Low Risk
ORD-957,1/17/2025,SOL-S-01,6,West,Optician_C,25.5,7,Low Risk
ORD-958,07-03-2025,SURG-P-02,24,South,Surgeon_K,2040,30,Medium Risk
ORD-959,12/29/2025,SOL-S-01,1,North,Optician_C,4.25,7,Low Risk
ORD-960,5/30/2025,SOL-S-01,4,West,Optician_B,17,7,Low Risk
ORD-961,6/26/2025,LENS-M-02,11,North,Surgeon_K,275,21,Medium Risk
ORD-962,12/14/2025,SOL-S-01,2,North,Optician_A,8.5,7,Low Risk
ORD-963,6/30/2025,FRM-M-10,19,West,Optician_C,855,30,Medium Risk
ORD-964,1/18/2025,SOL-S-01,20,West,Surgeon_K,85,7,Low Risk
ORD-965,4/25/2025,SOL-S-01,1,West,Optician_A,4.25,7,Low Risk
ORD-966,03-04-2025,SOL-S-01,16,South,Optician_A,68,7,Low Risk
ORD-967,8/31/2025,SURG-P-02,12,South,Optician_C,1020,30,Medium Risk
ORD-968,05-01-2025,SURG-L-01,21,South,Optician_C,3150,45,High Risk
ORD-969,1/13/2025,FRM-M-10,12,West,Optician_C,540,30,Medium Risk
ORD-970,09-10-2025,FRM-W-12,7,West,Optician_A,339.5,30,Medium Risk
ORD-971,02-03-2025,SURG-P-02,14,South,Optician_A,1190,30,Medium Risk
ORD-972,01-05-2025,SOL-S-01,17,East,Optician_B,72.25,7,Low Risk
ORD-973,12/19/2025,SURG-P-02,1,East,Optician_B,85,30,Medium Risk
ORD-974,04-03-2025,LENS-M-02,23,South,Surgeon_K,575,21,Medium Risk
ORD-975,5/24/2025,SURG-P-02,12,North,Optician_C,1020,30,Medium Risk
ORD-976,10/21/2025,FRM-W-12,11,East,Optician_B,533.5,30,Medium Risk
ORD-977,10/24/2025,SURG-P-02,13,East,Surgeon_K,1105,30,Medium Risk
ORD-978,2/23/2025,SOL-S-01,21,North,Optician_C,89.25,7,Low Risk
ORD-979,11-12-2025,FRM-W-12,17,West,Surgeon_K,824.5,30,Medium Risk
ORD-980,11/14/2025,LENS-M-02,7,West,Optician_A,175,21,Medium Risk
ORD-981,9/26/2025,SURG-P-02,23,South,Optician_C,1955,30,Medium Risk
ORD-982,1/18/2025,SOL-S-01,20,South,Optician_C,85,7,Low Risk
ORD-983,12-05-2025,FRM-W-12,19,North,Optician_B,921.5,30,Medium Risk
ORD-984,2/21/2025,SURG-P-02,7,West,Optician_B,595,30,Medium Risk
ORD-985,9/30/2025,FRM-W-12,2,North,Optician_B,97,30,Medium Risk
ORD-986,11-09-2025,SURG-P-02,11,East,Optician_A,935,30,Medium Risk
ORD-987,9/25/2025,LENS-D-01,12,South,Surgeon_K,150,14,Low Risk
ORD-988,11-08-2025,LENS-D-01,20,East,Optician_B,250,14,Low Risk
ORD-989,06-08-2025,SURG-P-02,11,South,Optician_A,935,30,Medium Risk
ORD-990,5/15/2025,FRM-W-12,13,North,Optician_C,630.5,30,Medium Risk
ORD-991,10-06-2025,LENS-M-02,18,South,Optician_B,450,21,Medium Risk
ORD-992,06-12-2025,FRM-M-10,13,West,Optician_A,585,30,Medium Risk
ORD-993,05-07-2025,SOL-S-01,3,North,Optician_A,12.75,7,Low Risk
ORD-994,08-03-2025,SOL-S-01,3,East,Optician_A,12.75,7,Low Risk
ORD-995,11/13/2025,FRM-M-10,7,East,Optician_A,315,30,Medium Risk
ORD-996,7/26/2025,SURG-P-02,11,South,Surgeon_K,935,30,Medium Risk
ORD-997,04-11-2025,SURG-L-01,17,West,Optician_B,2550,45,High Risk
ORD-998,02-07-2025,LENS-D-01,22,West,Optician_A,275,14,Low Risk
ORD-999,4/26/2025,FRM-W-12,19,West,Surgeon_K,921.5,30,Medium Risk
ORD-1000,11/30/2025,SURG-L-01,22,East,Optician_B,3300,45,High Risk
ORD-1001,05-06-2025,LENS-M-02,25,West,Optician_B,625,21,Medium Risk
ORD-1002,10-01-2025,SURG-P-02,12,East,Optician_C,1020,30,Medium Risk
ORD-1003,8/13/2025,LENS-D-01,3,West,Optician_A,37.5,14,Low Risk
ORD-1004,02-08-2025,FRM-W-12,25,East,Surgeon_K,1212.5,30,Medium Risk
ORD-1005,6/16/2025,FRM-M-10,14,East,Optician_A,630,30,Medium Risk
ORD-1006,2/16/2025,LENS-M-02,11,East,Surgeon_K,275,21,Medium Risk
ORD-1007,6/17/2025,LENS-D-01,12,East,Optician_C,150,14,Low Risk
ORD-1008,10/30/2025,SOL-S-01,9,West,Surgeon_K,38.25,7,Low Risk
ORD-1009,11-04-2025,LENS-D-01,1,West,Optician_A,12.5,14,Low Risk
ORD-1010,3/24/2025,FRM-M-10,6,South,Optician_B,270,30,Medium Risk
ORD-1011,6/27/2025,FRM-W-12,3,East,Optician_B,145.5,30,Medium Risk
ORD-1012,03-11-2025,FRM-W-12,25,West,Surgeon_K,1212.5,30,Medium Risk
ORD-1013,12-11-2025,SOL-S-01,20,North,Optician_B,85,7,Low Risk
ORD-1014,3/22/2025,SOL-S-01,20,East,Optician_B,85,7,Low Risk
ORD-1015,1/14/2025,LENS-D-01,13,South,Optician_C,162.5,14,Low Risk
ORD-1016,11/24/2025,LENS-D-01,6,North,Optician_C,75,14,Low Risk
ORD-1017,08-03-2025,SOL-S-01,7,West,Optician_A,29.75,7,Low Risk
ORD-1018,10/26/2025,SOL-S-01,25,West,Optician_A,106.25,7,Low Risk
ORD-1019,12/22/2025,FRM-M-10,10,East,Optician_B,450,30,Medium Risk
ORD-1020,8/30/2025,LENS-D-01,17,North,Optician_B,212.5,14,Low Risk
ORD-1021,8/19/2025,FRM-W-12,9,East,Optician_C,436.5,30,Medium Risk
ORD-1022,3/23/2025,LENS-M-02,15,South,Surgeon_K,375,21,Medium Risk
ORD-1023,1/21/2025,LENS-D-01,15,West,Optician_A,187.5,14,Low Risk
ORD-1024,4/19/2025,LENS-M-02,24,East,Optician_B,600,21,Medium Risk
ORD-1025,9/30/2025,LENS-D-01,11,West,Optician_A,137.5,14,Low Risk
ORD-1026,3/30/2025,SURG-L-01,23,East,Surgeon_K,3450,45,High Risk
ORD-1027,4/30/2025,SOL-S-01,24,North,Optician_C,102,7,Low Risk
ORD-1028,01-08-2025,FRM-W-12,1,North,Optician_C,48.5,30,Medium Risk
ORD-1029,3/28/2025,LENS-D-01,24,East,Optician_B,300,14,Low Risk
ORD-1030,12-11-2025,SOL-S-01,19,West,Optician_B,80.75,7,Low Risk
ORD-1031,11/16/2025,LENS-M-02,10,West,Optician_A,250,21,Medium Risk
ORD-1032,8/31/2025,SOL-S-01,24,East,Optician_B,102,7,Low Risk
ORD-1033,10/31/2025,FRM-W-12,11,South,Optician_B,533.5,30,Medium Risk
ORD-1034,5/20/2025,LENS-M-02,4,West,Optician_C,100,21,Medium Risk
ORD-1035,3/28/2025,FRM-M-10,16,East,Optician_A,720,30,Medium Risk
ORD-1036,5/28/2025,SURG-P-02,6,East,Surgeon_K,510,30,Medium Risk
ORD-1037,1/28/2025,LENS-M-02,15,North,Surgeon_K,375,21,Medium Risk
ORD-1038,12-12-2025,SURG-P-02,6,East,Optician_C,510,30,Medium Risk
ORD-1039,4/27/2025,FRM-W-12,11,South,Optician_A,533.5,30,Medium Risk
ORD-1040,12/21/2025,SOL-S-01,3,West,Optician_A,12.75,7,Low Risk
ORD-1041,08-03-2025,FRM-W-12,2,West,Surgeon_K,97,30,Medium Risk
ORD-1042,10-08-2025,SOL-S-01,10,East,Optician_B,42.5,7,Low Risk
ORD-1043,07-05-2025,SOL-S-01,2,North,Optician_B,8.5,7,Low Risk
ORD-1044,12-12-2025,FRM-W-12,11,South,Optician_A,533.5,30,Medium Risk
ORD-1045,05-01-2025,FRM-M-10,3,West,Surgeon_K,135,30,Medium Risk
ORD-1046,6/25/2025,FRM-W-12,23,East,Optician_B,1115.5,30,Medium Risk
ORD-1047,06-02-2025,FRM-W-12,22,East,Optician_C,1067,30,Medium Risk
ORD-1048,5/29/2025,FRM-M-10,8,East,Optician_A,360,30,Medium Risk
ORD-1049,05-11-2025,LENS-D-01,11,South,Optician_C,137.5,14,Low Risk
ORD-1050,02-03-2025,FRM-M-10,14,South,Optician_C,630,30,Medium Risk
ORD-1051,08-01-2025,LENS-M-02,13,South,Optician_B,325,21,Medium Risk
ORD-1052,4/19/2025,LENS-M-02,14,West,Surgeon_K,350,21,Medium Risk
ORD-1053,12-08-2025,LENS-D-01,17,West,Optician_C,212.5,14,Low Risk
ORD-1054,12-05-2025,LENS-D-01,14,East,Optician_A,175,14,Low Risk
ORD-1055,1/23/2025,FRM-W-12,6,East,Optician_C,291,30,Medium Risk
ORD-1056,10/16/2025,FRM-M-10,14,West,Optician_C,630,30,Medium Risk
ORD-1057,9/18/2025,LENS-D-01,21,South,Optician_B,262.5,14,Low Risk
ORD-1058,2/17/2025,FRM-W-12,7,North,Surgeon_K,339.5,30,Medium Risk
ORD-1059,3/15/2025,SURG-P-02,11,South,Optician_A,935,30,Medium Risk
ORD-1060,7/22/2025,SURG-L-01,5,East,Optician_C,750,45,High Risk
ORD-1061,12-09-2025,SURG-L-01,25,East,Optician_A,3750,45,High Risk
ORD-1062,02-10-2025,LENS-M-02,24,East,Optician_B,600,21,Medium Risk
ORD-1063,07-03-2025,FRM-W-12,21,West,Optician_C,1018.5,30,Medium Risk
ORD-1064,3/17/2025,SURG-P-02,15,West,Optician_B,1275,30,Medium Risk
ORD-1065,11/28/2025,SURG-L-01,10,West,Surgeon_K,1500,45,High Risk
ORD-1066,5/15/2025,LENS-D-01,13,North,Optician_A,162.5,14,Low Risk
ORD-1067,01-12-2025,FRM-W-12,12,East,Optician_A,582,30,Medium Risk
ORD-1068,12/26/2025,FRM-W-12,1,West,Optician_C,48.5,30,Medium Risk
ORD-1069,8/17/2025,LENS-M-02,22,North,Optician_C,550,21,Medium Risk
ORD-1070,6/13/2025,LENS-M-02,15,South,Optician_C,375,21,Medium Risk
ORD-1071,12-09-2025,FRM-W-12,16,West,Surgeon_K,776,30,Medium Risk
ORD-1072,09-04-2025,FRM-W-12,1,South,Optician_B,48.5,30,Medium Risk
ORD-1073,05-10-2025,SOL-S-01,7,South,Optician_A,29.75,7,Low Risk
ORD-1074,1/29/2025,SURG-P-02,3,West,Optician_C,255,30,Medium Risk
ORD-1075,5/28/2025,LENS-D-01,11,East,Optician_B,137.5,14,Low Risk
ORD-1076,6/15/2025,LENS-D-01,24,South,Surgeon_K,300,14,Low Risk
ORD-1077,8/22/2025,LENS-M-02,16,East,Optician_A,400,21,Medium Risk
ORD-1078,05-03-2025,SOL-S-01,11,North,Surgeon_K,46.75,7,Low Risk
ORD-1079,1/27/2025,SOL-S-01,6,South,Surgeon_K,25.5,7,Low Risk
ORD-1080,10/31/2025,LENS-M-02,7,South,Optician_C,175,21,Medium Risk
ORD-1081,03-05-2025,FRM-M-10,22,East,Surgeon_K,990,30,Medium Risk
ORD-1082,11/15/2025,SURG-L-01,25,East,Optician_A,3750,45,High Risk
ORD-1083,8/19/2025,FRM-M-10,5,East,Optician_B,225,30,Medium Risk
ORD-1084,10-08-2025,FRM-W-12,14,West,Optician_A,679,30,Medium Risk
ORD-1085,11-07-2025,LENS-M-02,20,East,Optician_A,500,21,Medium Risk
ORD-1086,7/17/2025,FRM-W-12,15,East,Optician_C,727.5,30,Medium Risk
ORD-1087,6/28/2025,FRM-M-10,2,West,Surgeon_K,90,30,Medium Risk
ORD-1088,3/19/2025,FRM-M-10,4,South,Optician_B,180,30,Medium Risk
ORD-1089,07-06-2025,FRM-W-12,20,East,Surgeon_K,970,30,Medium Risk
ORD-1090,11/21/2025,SURG-L-01,21,West,Optician_C,3150,45,High Risk
ORD-1091,8/26/2025,FRM-M-10,16,South,Optician_A,720,30,Medium Risk
ORD-1092,01-02-2025,SOL-S-01,22,South,Surgeon_K,93.5,7,Low Risk
ORD-1093,01-06-2025,FRM-M-10,12,West,Optician_C,540,30,Medium Risk
ORD-1094,9/16/2025,LENS-D-01,12,West,Surgeon_K,150,14,Low Risk
ORD-1095,10/15/2025,SOL-S-01,16,North,Optician_A,68,7,Low Risk
ORD-1096,3/30/2025,SOL-S-01,17,North,Optician_B,72.25,7,Low Risk
ORD-1097,10-04-2025,SURG-L-01,15,South,Optician_B,2250,45,High Risk
ORD-1098,02-09-2025,SURG-L-01,22,East,Optician_A,3300,45,High Risk
ORD-1099,11/29/2025,LENS-M-02,15,North,Optician_A,375,21,Medium Risk
ORD-1100,12/16/2025,FRM-W-12,17,South,Surgeon_K,824.5,30,Medium Risk
ORD-1101,2/18/2025,FRM-M-10,16,East,Optician_A,720,30,Medium Risk
ORD-1102,2/21/2025,LENS-M-02,7,West,Optician_C,175,21,Medium Risk
ORD-1103,11-11-2025,SURG-P-02,11,South,Optician_B,935,30,Medium Risk
ORD-1104,10/19/2025,SOL-S-01,18,South,Optician_A,76.5,7,Low Risk
ORD-1105,4/13/2025,SOL-S-01,5,South,Optician_B,21.25,7,Low Risk
ORD-1106,7/14/2025,SOL-S-01,2,North,Optician_C,8.5,7,Low Risk
ORD-1107,08-04-2025,LENS-D-01,1,South,Optician_C,12.5,14,Low Risk
ORD-1108,12-02-2025,SOL-S-01,17,North,Surgeon_K,72.25,7,Low Risk
ORD-1109,08-07-2025,SURG-P-02,12,South,Optician_C,1020,30,Medium Risk
ORD-1110,09-08-2025,SOL-S-01,13,North,Optician_C,55.25,7,Low Risk
ORD-1111,2/14/2025,FRM-M-10,19,West,Optician_A,855,30,Medium Risk
ORD-1112,4/26/2025,SOL-S-01,6,West,Surgeon_K,25.5,7,Low Risk
ORD-1113,2/14/2025,LENS-M-02,19,East,Optician_A,475,21,Medium Risk
ORD-1114,08-11-2025,FRM-W-12,6,East,Optician_A,291,30,Medium Risk
ORD-1115,1/31/2025,SURG-P-02,4,East,Optician_B,340,30,Medium Risk
ORD-1116,08-02-2025,FRM-W-12,19,West,Optician_A,921.5,30,Medium Risk
ORD-1117,3/18/2025,SURG-P-02,3,West,Surgeon_K,255,30,Medium Risk
ORD-1118,12-10-2025,FRM-W-12,6,East,Optician_B,291,30,Medium Risk
ORD-1119,12/22/2025,SURG-P-02,25,North,Surgeon_K,2125,30,Medium Risk
ORD-1120,05-10-2025,SURG-L-01,25,West,Optician_B,3750,45,High Risk
ORD-1121,7/21/2025,LENS-D-01,15,North,Optician_A,187.5,14,Low Risk
ORD-1122,10/16/2025,FRM-M-10,4,West,Optician_A,180,30,Medium Risk
ORD-1123,1/20/2025,FRM-W-12,8,North,Optician_C,388,30,Medium Risk
ORD-1124,1/21/2025,FRM-W-12,2,East,Optician_C,97,30,Medium Risk
ORD-1125,3/15/2025,SOL-S-01,25,West,Optician_A,106.25,7,Low Risk
ORD-1126,01-04-2025,FRM-W-12,3,West,Optician_C,145.5,30,Medium Risk
ORD-1127,9/18/2025,SURG-L-01,21,South,Optician_A,3150,45,High Risk
ORD-1128,06-08-2025,FRM-M-10,23,South,Optician_B,1035,30,Medium Risk
ORD-1129,7/15/2025,SURG-L-01,6,East,Optician_C,900,45,High Risk
ORD-1130,3/18/2025,SURG-P-02,16,South,Optician_A,1360,30,Medium Risk
ORD-1131,10/21/2025,LENS-M-02,16,West,Surgeon_K,400,21,Medium Risk
ORD-1132,6/27/2025,SURG-L-01,4,East,Optician_A,600,45,High Risk
ORD-1133,6/14/2025,SOL-S-01,17,South,Optician_C,72.25,7,Low Risk
ORD-1134,3/28/2025,LENS-M-02,14,South,Optician_B,350,21,Medium Risk
ORD-1135,6/15/2025,FRM-M-10,22,North,Optician_C,990,30,Medium Risk
ORD-1136,2/28/2025,LENS-M-02,25,South,Surgeon_K,625,21,Medium Risk
ORD-1137,10-07-2025,LENS-D-01,22,South,Optician_B,275,14,Low Risk
ORD-1138,10/29/2025,SOL-S-01,11,South,Optician_A,46.75,7,Low Risk
ORD-1139,3/19/2025,FRM-M-10,18,East,Surgeon_K,810,30,Medium Risk
ORD-1140,02-03-2025,LENS-M-02,5,North,Optician_C,125,21,Medium Risk
ORD-1141,11/17/2025,SURG-L-01,22,North,Optician_C,3300,45,High Risk
ORD-1142,3/30/2025,SOL-S-01,3,East,Surgeon_K,12.75,7,Low Risk
ORD-1143,6/15/2025,SOL-S-01,16,North,Surgeon_K,68,7,Low Risk
ORD-1144,1/23/2025,SOL-S-01,9,North,Optician_A,38.25,7,Low Risk
ORD-1145,7/27/2025,FRM-M-10,19,North,Optician_B,855,30,Medium Risk
ORD-1146,2/19/2025,LENS-D-01,25,North,Optician_A,312.5,14,Low Risk
ORD-1147,7/23/2025,SURG-P-02,14,North,Optician_B,1190,30,Medium Risk
ORD-1148,10/19/2025,SURG-P-02,20,East,Surgeon_K,1700,30,Medium Risk
ORD-1149,02-01-2025,SURG-P-02,11,West,Optician_C,935,30,Medium Risk
ORD-1150,10/30/2025,LENS-M-02,9,East,Optician_A,225,21,Medium Risk
ORD-1151,4/27/2025,SOL-S-01,23,West,Surgeon_K,97.75,7,Low Risk
ORD-1152,11/17/2025,LENS-M-02,22,West,Optician_B,550,21,Medium Risk
ORD-1153,03-12-2025,LENS-D-01,9,North,Optician_B,112.5,14,Low Risk
ORD-1154,9/18/2025,LENS-D-01,20,West,Optician_C,250,14,Low Risk
ORD-1155,7/15/2025,FRM-W-12,12,East,Optician_C,582,30,Medium Risk
ORD-1156,10-04-2025,SURG-P-02,18,South,Surgeon_K,1530,30,Medium Risk
ORD-1157,04-09-2025,SOL-S-01,16,North,Optician_B,68,7,Low Risk
ORD-1158,08-10-2025,SOL-S-01,2,West,Surgeon_K,8.5,7,Low Risk
ORD-1159,3/14/2025,FRM-M-10,23,North,Optician_B,1035,30,Medium Risk
ORD-1160,02-07-2025,LENS-M-02,4,South,Optician_A,100,21,Medium Risk
ORD-1161,11/18/2025,SURG-P-02,3,East,Surgeon_K,255,30,Medium Risk
ORD-1162,09-07-2025,SOL-S-01,18,East,Optician_C,76.5,7,Low Risk
ORD-1163,07-12-2025,LENS-D-01,17,North,Optician_B,212.5,14,Low Risk
ORD-1164,8/29/2025,LENS-M-02,19,North,Optician_A,475,21,Medium Risk
ORD-1165,4/23/2025,SOL-S-01,1,West,Optician_C,4.25,7,Low Risk
ORD-1166,12-11-2025,FRM-W-12,9,East,Optician_C,436.5,30,Medium Risk
ORD-1167,10/20/2025,LENS-D-01,12,South,Surgeon_K,150,14,Low Risk
ORD-1168,3/30/2025,FRM-W-12,6,South,Optician_C,291,30,Medium Risk
ORD-1169,10-02-2025,FRM-W-12,15,South,Optician_B,727.5,30,Medium Risk
ORD-1170,8/19/2025,FRM-W-12,2,South,Optician_C,97,30,Medium Risk
ORD-1171,12-04-2025,FRM-W-12,1,South,Optician_A,48.5,30,Medium Risk
ORD-1172,05-07-2025,FRM-W-12,13,West,Optician_A,630.5,30,Medium Risk
ORD-1173,08-12-2025,LENS-M-02,21,West,Optician_C,525,21,Medium Risk
ORD-1174,1/31/2025,FRM-M-10,1,North,Surgeon_K,45,30,Medium Risk
ORD-1175,1/29/2025,SOL-S-01,8,West,Optician_B,34,7,Low Risk
ORD-1176,1/29/2025,FRM-W-12,2,East,Optician_C,97,30,Medium Risk
ORD-1177,09-02-2025,FRM-W-12,8,South,Surgeon_K,388,30,Medium Risk
ORD-1178,12-04-2025,LENS-M-02,21,South,Optician_C,525,21,Medium Risk
ORD-1179,02-03-2025,LENS-D-01,21,East,Optician_A,262.5,14,Low Risk
ORD-1180,05-10-2025,SURG-L-01,22,North,Optician_B,3300,45,High Risk
ORD-1181,12/14/2025,FRM-M-10,5,North,Surgeon_K,225,30,Medium Risk
ORD-1182,10-04-2025,SOL-S-01,13,East,Optician_B,55.25,7,Low Risk
ORD-1183,2/28/2025,FRM-W-12,25,East,Optician_B,1212.5,30,Medium Risk
ORD-1184,08-03-2025,FRM-M-10,23,North,Optician_A,1035,30,Medium Risk
ORD-1185,05-04-2025,SOL-S-01,15,West,Optician_C,63.75,7,Low Risk
ORD-1186,9/20/2025,SURG-L-01,23,North,Optician_B,3450,45,High Risk
ORD-1187,02-01-2025,SOL-S-01,23,North,Surgeon_K,97.75,7,Low Risk
ORD-1188,6/14/2025,SOL-S-01,17,North,Optician_B,72.25,7,Low Risk
ORD-1189,12-06-2025,LENS-M-02,17,East,Optician_C,425,21,Medium Risk
ORD-1190,11-03-2025,LENS-D-01,7,West,Optician_A,87.5,14,Low Risk
ORD-1191,3/18/2025,FRM-W-12,22,South,Surgeon_K,1067,30,Medium Risk
ORD-1192,2/25/2025,LENS-D-01,10,East,Optician_B,125,14,Low Risk
ORD-1193,3/29/2025,FRM-W-12,22,West,Optician_B,1067,30,Medium Risk
ORD-1194,3/31/2025,FRM-W-12,11,West,Surgeon_K,533.5,30,Medium Risk
ORD-1195,12-07-2025,SURG-L-01,14,South,Optician_A,2100,45,High Risk
ORD-1196,3/20/2025,SURG-P-02,12,West,Surgeon_K,1020,30,Medium Risk
ORD-1197,11/15/2025,SURG-L-01,7,West,Surgeon_K,1050,45,High Risk
ORD-1198,8/18/2025,LENS-D-01,13,South,Surgeon_K,162.5,14,Low Risk
ORD-1199,4/16/2025,SURG-L-01,2,South,Surgeon_K,300,45,High Risk
ORD-1200,06-04-2025,LENS-M-02,8,South,Optician_B,200,21,Medium Risk
ORD-1201,11/14/2025,FRM-M-10,5,South,Surgeon_K,225,30,Medium Risk
ORD-1202,4/15/2025,SURG-P-02,3,North,Optician_A,255,30,Medium Risk
ORD-1203,04-06-2025,SURG-L-01,14,North,Surgeon_K,2100,45,High Risk
ORD-1204,3/18/2025,SURG-L-01,9,West,Optician_B,1350,45,High Risk
ORD-1205,8/20/2025,SOL-S-01,23,East,Optician_A,97.75,7,Low Risk
ORD-1206,5/23/2025,FRM-W-12,4,South,Surgeon_K,194,30,Medium Risk
ORD-1207,10-10-2025,SURG-P-02,11,North,Optician_B,935,30,Medium Risk
ORD-1208,07-07-2025,SURG-L-01,14,West,Optician_C,2100,45,High Risk
ORD-1209,08-05-2025,FRM-M-10,13,West,Optician_B,585,30,Medium Risk
ORD-1210,10/31/2025,LENS-D-01,20,North,Optician_C,250,14,Low Risk
ORD-1211,5/23/2025,LENS-D-01,3,South,Optician_B,37.5,14,Low Risk
ORD-1212,11/17/2025,FRM-W-12,13,South,Optician_B,630.5,30,Medium Risk
ORD-1213,5/14/2025,LENS-M-02,21,North,Optician_C,525,21,Medium Risk
ORD-1214,11-06-2025,FRM-M-10,22,South,Optician_C,990,30,Medium Risk
ORD-1215,10/30/2025,FRM-M-10,13,South,Optician_B,585,30,Medium Risk
ORD-1216,10/16/2025,LENS-D-01,12,East,Optician_C,150,14,Low Risk
ORD-1217,12/22/2025,FRM-M-10,6,East,Optician_C,270,30,Medium Risk
ORD-1218,8/13/2025,FRM-M-10,9,North,Surgeon_K,405,30,Medium Risk
ORD-1219,12/18/2025,FRM-M-10,6,South,Optician_C,270,30,Medium Risk
ORD-1220,11/16/2025,FRM-M-10,21,South,Optician_C,945,30,Medium Risk
ORD-1221,12/22/2025,FRM-W-12,3,South,Surgeon_K,145.5,30,Medium Risk
ORD-1222,3/31/2025,SOL-S-01,3,East,Surgeon_K,12.75,7,Low Risk
ORD-1223,04-09-2025,FRM-M-10,25,South,Optician_B,1125,30,Medium Risk
ORD-1224,2/16/2025,LENS-D-01,16,North,Surgeon_K,200,14,Low Risk
ORD-1225,1/24/2025,SURG-L-01,2,South,Optician_A,300,45,High Risk
ORD-1226,8/17/2025,LENS-M-02,2,West,Optician_B,50,21,Medium Risk
ORD-1227,2/27/2025,SURG-L-01,15,West,Optician_A,2250,45,High Risk
ORD-1228,5/16/2025,FRM-W-12,25,West,Surgeon_K,1212.5,30,Medium Risk
ORD-1229,1/21/2025,LENS-M-02,2,North,Surgeon_K,50,21,Medium Risk
ORD-1230,09-10-2025,SURG-L-01,15,South,Surgeon_K,2250,45,High Risk
ORD-1231,6/15/2025,FRM-M-10,9,East,Optician_B,405,30,Medium Risk
ORD-1232,11-09-2025,SURG-L-01,16,South,Optician_C,2400,45,High Risk
ORD-1233,4/25/2025,LENS-M-02,6,East,Optician_B,150,21,Medium Risk
ORD-1234,08-02-2025,LENS-M-02,11,North,Optician_B,275,21,Medium Risk
ORD-1235,11/25/2025,SURG-L-01,14,South,Optician_B,2100,45,High Risk
ORD-1236,01-11-2025,SOL-S-01,15,South,Optician_C,63.75,7,Low Risk
ORD-1237,5/21/2025,SURG-P-02,24,North,Optician_B,2040,30,Medium Risk
ORD-1238,6/21/2025,SURG-P-02,18,North,Optician_A,1530,30,Medium Risk
ORD-1239,2/20/2025,SURG-P-02,18,North,Optician_C,1530,30,Medium Risk
ORD-1240,02-12-2025,LENS-D-01,16,South,Optician_A,200,14,Low Risk
ORD-1241,7/29/2025,SOL-S-01,6,North,Optician_B,25.5,7,Low Risk
ORD-1242,1/14/2025,SOL-S-01,5,South,Optician_A,21.25,7,Low Risk
ORD-1243,4/23/2025,LENS-M-02,13,South,Optician_B,325,21,Medium Risk
ORD-1244,12-02-2025,LENS-M-02,18,West,Optician_B,450,21,Medium Risk
ORD-1245,7/17/2025,SURG-L-01,9,South,Surgeon_K,1350,45,High Risk
ORD-1246,9/28/2025,LENS-M-02,11,South,Surgeon_K,275,21,Medium Risk
ORD-1247,11-05-2025,SURG-L-01,17,West,Optician_A,2550,45,High Risk
ORD-1248,09-02-2025,SURG-P-02,1,North,Optician_C,85,30,Medium Risk
ORD-1249,1/28/2025,LENS-D-01,3,North,Optician_A,37.5,14,Low Risk
ORD-1250,4/20/2025,SURG-L-01,1,West,Optician_A,150,45,High Risk
ORD-1251,7/20/2025,SOL-S-01,3,North,Optician_B,12.75,7,Low Risk
ORD-1252,11-04-2025,SURG-L-01,15,West,Surgeon_K,2250,45,High Risk
ORD-1253,5/14/2025,FRM-W-12,12,South,Surgeon_K,582,30,Medium Risk
ORD-1254,7/18/2025,LENS-M-02,18,North,Surgeon_K,450,21,Medium Risk
ORD-1255,2/16/2025,LENS-D-01,17,South,Optician_B,212.5,14,Low Risk
ORD-1256,01-04-2025,FRM-W-12,10,East,Optician_A,485,30,Medium Risk
ORD-1257,07-01-2025,LENS-D-01,3,South,Optician_A,37.5,14,Low Risk
ORD-1258,2/21/2025,SURG-P-02,13,South,Optician_B,1105,30,Medium Risk
ORD-1259,2/28/2025,LENS-D-01,5,North,Optician_C,62.5,14,Low Risk
ORD-1260,01-09-2025,SURG-L-01,18,South,Optician_B,2700,45,High Risk
ORD-1261,11/22/2025,LENS-M-02,3,West,Optician_A,75,21,Medium Risk
ORD-1262,5/18/2025,FRM-M-10,1,East,Surgeon_K,45,30,Medium Risk
ORD-1263,08-08-2025,LENS-D-01,5,East,Optician_C,62.5,14,Low Risk
ORD-1264,01-07-2025,SOL-S-01,11,West,Optician_C,46.75,7,Low Risk
ORD-1265,10-08-2025,SURG-L-01,11,South,Optician_A,1650,45,High Risk
ORD-1266,6/19/2025,SURG-P-02,13,West,Optician_C,1105,30,Medium Risk
ORD-1267,2/18/2025,FRM-M-10,12,West,Surgeon_K,540,30,Medium Risk
ORD-1268,8/20/2025,FRM-W-12,24,East,Surgeon_K,1164,30,Medium Risk
ORD-1269,8/19/2025,SOL-S-01,6,South,Optician_B,25.5,7,Low Risk
ORD-1270,04-05-2025,SOL-S-01,24,West,Optician_C,102,7,Low Risk
ORD-1271,11-06-2025,SURG-P-02,21,North,Optician_C,1785,30,Medium Risk
ORD-1272,2/15/2025,FRM-M-10,21,East,Surgeon_K,945,30,Medium Risk
ORD-1273,9/22/2025,FRM-W-12,9,East,Optician_B,436.5,30,Medium Risk
ORD-1274,11/25/2025,SOL-S-01,2,East,Optician_A,8.5,7,Low Risk
ORD-1275,11/27/2025,FRM-W-12,13,West,Optician_B,630.5,30,Medium Risk
ORD-1276,12-07-2025,FRM-W-12,16,East,Optician_B,776,30,Medium Risk
ORD-1277,1/28/2025,LENS-M-02,8,North,Optician_C,200,21,Medium Risk
ORD-1278,05-11-2025,FRM-W-12,14,East,Optician_B,679,30,Medium Risk
ORD-1279,12-05-2025,FRM-M-10,13,West,Surgeon_K,585,30,Medium Risk
ORD-1280,04-03-2025,LENS-M-02,5,East,Optician_A,125,21,Medium Risk
ORD-1281,9/13/2025,FRM-M-10,3,East,Surgeon_K,135,30,Medium Risk
ORD-1282,7/24/2025,SURG-P-02,8,West,Optician_C,680,30,Medium Risk
ORD-1283,02-12-2025,SOL-S-01,7,South,Optician_A,29.75,7,Low Risk
ORD-1284,8/27/2025,LENS-D-01,9,South,Optician_C,112.5,14,Low Risk
ORD-1285,12/26/2025,FRM-M-10,18,South,Optician_B,810,30,Medium Risk
ORD-1286,10/29/2025,LENS-D-01,6,West,Surgeon_K,75,14,Low Risk
ORD-1287,02-12-2025,LENS-D-01,8,West,Surgeon_K,100,14,Low Risk
ORD-1288,12-10-2025,LENS-M-02,13,North,Optician_B,325,21,Medium Risk
ORD-1289,10-01-2025,LENS-M-02,4,South,Optician_A,100,21,Medium Risk
ORD-1290,12/17/2025,FRM-M-10,24,East,Optician_C,1080,30,Medium Risk
ORD-1291,03-07-2025,FRM-M-10,23,East,Surgeon_K,1035,30,Medium Risk
ORD-1292,09-10-2025,LENS-M-02,6,North,Optician_B,150,21,Medium Risk
ORD-1293,10-06-2025,LENS-M-02,7,North,Optician_A,175,21,Medium Risk
ORD-1294,3/29/2025,FRM-W-12,11,West,Optician_C,533.5,30,Medium Risk
ORD-1295,12/19/2025,SOL-S-01,13,North,Optician_C,55.25,7,Low Risk
ORD-1296,10/21/2025,SOL-S-01,15,North,Optician_C,63.75,7,Low Risk
ORD-1297,10/26/2025,SURG-P-02,1,North,Surgeon_K,85,30,Medium Risk
ORD-1298,9/21/2025,FRM-M-10,11,South,Optician_B,495,30,Medium Risk
ORD-1299,11-12-2025,FRM-W-12,18,West,Surgeon_K,873,30,Medium Risk
ORD-1300,5/20/2025,SOL-S-01,15,East,Optician_A,63.75,7,Low Risk
ORD-1301,9/18/2025,SURG-P-02,21,North,Optician_C,1785,30,Medium Risk
ORD-1302,3/29/2025,SURG-L-01,16,West,Optician_A,2400,45,High Risk
ORD-1303,03-06-2025,SURG-L-01,6,West,Surgeon_K,900,45,High Risk
ORD-1304,10-01-2025,SOL-S-01,24,East,Surgeon_K,102,7,Low Risk
ORD-1305,1/22/2025,LENS-M-02,24,West,Optician_B,600,21,Medium Risk
ORD-1306,11/13/2025,LENS-M-02,5,West,Surgeon_K,125,21,Medium Risk
ORD-1307,01-02-2025,SURG-P-02,12,West,Surgeon_K,1020,30,Medium Risk
ORD-1308,09-07-2025,SOL-S-01,3,West,Optician_C,12.75,7,Low Risk
ORD-1309,9/24/2025,FRM-M-10,9,East,Optician_C,405,30,Medium Risk
ORD-1310,1/15/2025,LENS-D-01,24,East,Optician_B,300,14,Low Risk
ORD-1311,10/18/2025,LENS-D-01,12,South,Optician_B,150,14,Low Risk
ORD-1312,11/30/2025,FRM-W-12,19,West,Optician_B,921.5,30,Medium Risk
ORD-1313,3/24/2025,FRM-M-10,22,South,Optician_B,990,30,Medium Risk
ORD-1314,8/26/2025,SOL-S-01,14,West,Surgeon_K,59.5,7,Low Risk
ORD-1315,7/29/2025,SURG-L-01,5,South,Optician_B,750,45,High Risk
ORD-1316,01-03-2025,SURG-P-02,13,East,Optician_C,1105,30,Medium Risk
ORD-1317,6/19/2025,LENS-D-01,18,East,Optician_A,225,14,Low Risk
ORD-1318,3/28/2025,LENS-M-02,21,North,Optician_B,525,21,Medium Risk
ORD-1319,03-12-2025,FRM-M-10,4,South,Optician_C,180,30,Medium Risk
ORD-1320,1/28/2025,SOL-S-01,3,West,Surgeon_K,12.75,7,Low Risk
ORD-1321,5/14/2025,LENS-M-02,17,West,Optician_A,425,21,Medium Risk
ORD-1322,7/29/2025,LENS-D-01,19,North,Optician_A,237.5,14,Low Risk
ORD-1323,7/17/2025,SURG-L-01,3,East,Optician_A,450,45,High Risk
ORD-1324,8/13/2025,SOL-S-01,5,South,Optician_C,21.25,7,Low Risk
ORD-1325,6/25/2025,SOL-S-01,24,West,Optician_C,102,7,Low Risk
ORD-1326,9/22/2025,LENS-M-02,17,East,Optician_A,425,21,Medium Risk
ORD-1327,8/24/2025,SURG-P-02,6,South,Optician_C,510,30,Medium Risk
ORD-1328,11-03-2025,LENS-M-02,5,North,Optician_C,125,21,Medium Risk
ORD-1329,07-07-2025,SURG-L-01,5,East,Surgeon_K,750,45,High Risk
ORD-1330,12/13/2025,FRM-M-10,13,South,Optician_C,585,30,Medium Risk
ORD-1331,5/14/2025,FRM-W-12,21,South,Optician_A,1018.5,30,Medium Risk
ORD-1332,6/27/2025,SURG-P-02,14,East,Optician_A,1190,30,Medium Risk
ORD-1333,5/22/2025,LENS-D-01,6,North,Optician_C,75,14,Low Risk
ORD-1334,8/20/2025,LENS-D-01,17,North,Optician_C,212.5,14,Low Risk
ORD-1335,2/25/2025,FRM-M-10,2,South,Optician_C,90,30,Medium Risk
ORD-1336,10/28/2025,LENS-M-02,4,East,Optician_B,100,21,Medium Risk
ORD-1337,8/22/2025,SURG-L-01,17,West,Optician_B,2550,45,High Risk
ORD-1338,2/23/2025,FRM-W-12,23,South,Optician_B,1115.5,30,Medium Risk
ORD-1339,3/24/2025,SOL-S-01,11,East,Optician_C,46.75,7,Low Risk
ORD-1340,08-07-2025,LENS-D-01,2,North,Optician_A,25,14,Low Risk
ORD-1341,3/26/2025,SURG-L-01,13,South,Surgeon_K,1950,45,High Risk
ORD-1342,10/21/2025,SURG-L-01,7,North,Optician_B,1050,45,High Risk
ORD-1343,8/20/2025,SOL-S-01,14,East,Optician_A,59.5,7,Low Risk
ORD-1344,5/22/2025,SURG-P-02,8,West,Surgeon_K,680,30,Medium Risk
ORD-1345,12-07-2025,SURG-P-02,10,East,Optician_C,850,30,Medium Risk
ORD-1346,02-01-2025,SURG-L-01,13,West,Optician_C,1950,45,High Risk
ORD-1347,03-01-2025,LENS-D-01,9,South,Surgeon_K,112.5,14,Low Risk
ORD-1348,3/13/2025,FRM-W-12,12,West,Optician_A,582,30,Medium Risk
ORD-1349,04-02-2025,LENS-M-02,20,South,Optician_C,500,21,Medium Risk
ORD-1350,12-11-2025,SURG-P-02,17,South,Optician_B,1445,30,Medium Risk
ORD-1351,8/28/2025,LENS-D-01,7,North,Optician_C,87.5,14,Low Risk
ORD-1352,10-11-2025,SOL-S-01,5,North,Optician_C,21.25,7,Low Risk
ORD-1353,3/27/2025,SURG-L-01,22,East,Surgeon_K,3300,45,High Risk
ORD-1354,07-12-2025,FRM-M-10,9,East,Surgeon_K,405,30,Medium Risk
ORD-1355,3/21/2025,SURG-P-02,15,East,Optician_A,1275,30,Medium Risk
ORD-1356,3/16/2025,FRM-W-12,4,South,Surgeon_K,194,30,Medium Risk
ORD-1357,7/29/2025,SOL-S-01,15,South,Optician_C,63.75,7,Low Risk
ORD-1358,05-09-2025,SURG-P-02,14,West,Optician_A,1190,30,Medium Risk
ORD-1359,03-05-2025,LENS-M-02,25,North,Optician_A,625,21,Medium Risk
ORD-1360,11/14/2025,LENS-M-02,25,West,Optician_A,625,21,Medium Risk
ORD-1361,1/24/2025,SURG-L-01,24,North,Surgeon_K,3600,45,High Risk
ORD-1362,12/29/2025,SOL-S-01,17,North,Optician_B,72.25,7,Low Risk
ORD-1363,12-01-2025,FRM-W-12,12,West,Optician_B,582,30,Medium Risk
ORD-1364,2/18/2025,LENS-D-01,19,North,Optician_B,237.5,14,Low Risk
ORD-1365,04-09-2025,SURG-P-02,15,North,Optician_A,1275,30,Medium Risk
ORD-1366,12/13/2025,LENS-D-01,22,South,Optician_B,275,14,Low Risk
ORD-1367,7/28/2025,SOL-S-01,19,West,Optician_C,80.75,7,Low Risk
ORD-1368,07-04-2025,FRM-W-12,5,East,Optician_B,242.5,30,Medium Risk
ORD-1369,10/31/2025,SURG-P-02,10,South,Optician_A,850,30,Medium Risk
ORD-1370,12/22/2025,SOL-S-01,2,West,Optician_C,8.5,7,Low Risk
ORD-1371,05-06-2025,SURG-P-02,11,South,Optician_C,935,30,Medium Risk
ORD-1372,8/24/2025,LENS-M-02,17,North,Optician_A,425,21,Medium Risk
ORD-1373,4/24/2025,SURG-L-01,7,South,Optician_C,1050,45,High Risk
ORD-1374,10/23/2025,FRM-M-10,3,South,Optician_A,135,30,Medium Risk
ORD-1375,02-05-2025,LENS-D-01,20,North,Surgeon_K,250,14,Low Risk
ORD-1376,11-03-2025,SURG-L-01,11,South,Optician_C,1650,45,High Risk
ORD-1377,2/18/2025,SURG-L-01,24,North,Surgeon_K,3600,45,High Risk
ORD-1378,1/22/2025,LENS-D-01,16,South,Optician_B,200,14,Low Risk
ORD-1379,11-05-2025,LENS-M-02,6,West,Optician_B,150,21,Medium Risk
ORD-1380,07-09-2025,LENS-D-01,4,North,Surgeon_K,50,14,Low Risk
ORD-1381,05-10-2025,SOL-S-01,22,North,Optician_C,93.5,7,Low Risk
ORD-1382,6/28/2025,LENS-D-01,23,North,Optician_B,287.5,14,Low Risk
ORD-1383,12/14/2025,LENS-D-01,22,East,Surgeon_K,275,14,Low Risk
ORD-1384,3/14/2025,FRM-W-12,11,West,Optician_A,533.5,30,Medium Risk
ORD-1385,01-02-2025,FRM-W-12,15,South,Optician_C,727.5,30,Medium Risk
ORD-1386,10/31/2025,FRM-W-12,1,East,Optician_B,48.5,30,Medium Risk
ORD-1387,2/18/2025,FRM-M-10,24,North,Optician_B,1080,30,Medium Risk
ORD-1388,09-05-2025,FRM-M-10,25,West,Surgeon_K,1125,30,Medium Risk
ORD-1389,08-01-2025,SURG-P-02,7,North,Surgeon_K,595,30,Medium Risk
ORD-1390,09-04-2025,FRM-W-12,16,South,Optician_B,776,30,Medium Risk
ORD-1391,05-12-2025,SOL-S-01,6,West,Optician_B,25.5,7,Low Risk
ORD-1392,12/29/2025,FRM-W-12,6,North,Surgeon_K,291,30,Medium Risk
ORD-1393,02-08-2025,FRM-M-10,17,North,Optician_C,765,30,Medium Risk
ORD-1394,12/19/2025,SOL-S-01,16,West,Optician_A,68,7,Low Risk
ORD-1395,12-07-2025,SURG-P-02,5,South,Surgeon_K,425,30,Medium Risk
ORD-1396,02-07-2025,LENS-M-02,17,West,Optician_A,425,21,Medium Risk
ORD-1397,9/20/2025,FRM-W-12,4,West,Surgeon_K,194,30,Medium Risk
ORD-1398,09-12-2025,LENS-D-01,11,West,Optician_C,137.5,14,Low Risk
ORD-1399,02-03-2025,FRM-M-10,2,South,Optician_A,90,30,Medium Risk
ORD-1400,7/23/2025,FRM-W-12,17,South,Optician_B,824.5,30,Medium Risk
ORD-1401,12/21/2025,LENS-M-02,16,West,Optician_B,400,21,Medium Risk
ORD-1402,9/24/2025,FRM-W-12,12,East,Optician_A,582,30,Medium Risk
ORD-1403,08-07-2025,FRM-M-10,25,South,Surgeon_K,1125,30,Medium Risk
ORD-1404,09-07-2025,LENS-D-01,2,East,Optician_B,25,14,Low Risk
ORD-1405,4/28/2025,FRM-W-12,20,North,Optician_C,970,30,Medium Risk
ORD-1406,06-01-2025,SURG-P-02,3,North,Optician_C,255,30,Medium Risk
ORD-1407,02-01-2025,FRM-M-10,17,North,Optician_C,765,30,Medium Risk
ORD-1408,09-08-2025,FRM-W-12,19,North,Optician_B,921.5,30,Medium Risk
ORD-1409,12/31/2025,LENS-M-02,7,South,Optician_B,175,21,Medium Risk
ORD-1410,04-11-2025,LENS-D-01,3,West,Surgeon_K,37.5,14,Low Risk
ORD-1411,11-10-2025,SURG-P-02,6,South,Optician_C,510,30,Medium Risk
ORD-1412,4/18/2025,FRM-W-12,23,East,Optician_C,1115.5,30,Medium Risk
ORD-1413,1/19/2025,FRM-M-10,25,West,Optician_A,1125,30,Medium Risk
ORD-1414,01-09-2025,FRM-M-10,6,West,Optician_A,270,30,Medium Risk
ORD-1415,3/21/2025,LENS-D-01,9,South,Surgeon_K,112.5,14,Low Risk
ORD-1416,10/22/2025,SOL-S-01,24,East,Optician_B,102,7,Low Risk
ORD-1417,06-03-2025,FRM-M-10,13,North,Surgeon_K,585,30,Medium Risk
ORD-1418,03-05-2025,LENS-D-01,21,South,Optician_C,262.5,14,Low Risk
ORD-1419,1/22/2025,LENS-M-02,4,South,Optician_B,100,21,Medium Risk
ORD-1420,7/14/2025,SURG-L-01,14,South,Surgeon_K,2100,45,High Risk
ORD-1421,2/13/2025,FRM-W-12,4,South,Optician_A,194,30,Medium Risk
ORD-1422,1/19/2025,FRM-M-10,11,South,Optician_A,495,30,Medium Risk
ORD-1423,12/24/2025,FRM-W-12,10,South,Optician_A,485,30,Medium Risk
ORD-1424,9/16/2025,FRM-M-10,2,East,Optician_B,90,30,Medium Risk
ORD-1425,06-06-2025,FRM-W-12,18,West,Optician_A,873,30,Medium Risk
ORD-1426,11/18/2025,SOL-S-01,12,South,Optician_C,51,7,Low Risk
ORD-1427,01-11-2025,SURG-P-02,20,East,Optician_A,1700,30,Medium Risk
ORD-1428,11-07-2025,SURG-L-01,23,West,Optician_A,3450,45,High Risk
ORD-1429,10/22/2025,SOL-S-01,16,East,Optician_B,68,7,Low Risk
ORD-1430,5/27/2025,SOL-S-01,2,East,Surgeon_K,8.5,7,Low Risk
ORD-1431,01-01-2025,SURG-L-01,12,South,Optician_B,1800,45,High Risk
ORD-1432,5/14/2025,FRM-M-10,13,South,Optician_C,585,30,Medium Risk
ORD-1433,5/13/2025,LENS-D-01,21,South,Optician_A,262.5,14,Low Risk
ORD-1434,09-06-2025,SURG-P-02,1,West,Optician_C,85,30,Medium Risk
ORD-1435,10/13/2025,FRM-W-12,4,South,Optician_C,194,30,Medium Risk
ORD-1436,4/20/2025,SURG-P-02,14,South,Optician_C,1190,30,Medium Risk
ORD-1437,12/21/2025,LENS-M-02,23,South,Optician_A,575,21,Medium Risk
ORD-1438,11-11-2025,FRM-W-12,23,West,Optician_B,1115.5,30,Medium Risk
ORD-1439,08-10-2025,FRM-W-12,16,North,Optician_B,776,30,Medium Risk
ORD-1440,4/25/2025,SOL-S-01,6,North,Optician_C,25.5,7,Low Risk
ORD-1441,8/23/2025,SOL-S-01,10,North,Surgeon_K,42.5,7,Low Risk
ORD-1442,12/27/2025,LENS-D-01,19,East,Optician_B,237.5,14,Low Risk
ORD-1443,08-02-2025,FRM-M-10,1,East,Optician_B,45,30,Medium Risk
ORD-1444,07-10-2025,FRM-M-10,25,East,Optician_B,1125,30,Medium Risk
ORD-1445,9/14/2025,SURG-L-01,22,West,Optician_B,3300,45,High Risk
ORD-1446,6/22/2025,FRM-M-10,12,West,Optician_B,540,30,Medium Risk
ORD-1447,8/28/2025,FRM-M-10,14,West,Surgeon_K,630,30,Medium Risk
ORD-1448,11/26/2025,FRM-W-12,23,North,Surgeon_K,1115.5,30,Medium Risk
ORD-1449,1/16/2025,SURG-L-01,24,South,Optician_A,3600,45,High Risk
ORD-1450,10/22/2025,FRM-W-12,16,South,Optician_A,776,30,Medium Risk
ORD-1451,7/16/2025,SURG-P-02,15,North,Optician_B,1275,30,Medium Risk
ORD-1452,01-08-2025,FRM-W-12,1,West,Surgeon_K,48.5,30,Medium Risk
ORD-1453,3/30/2025,SURG-L-01,12,East,Surgeon_K,1800,45,High Risk
ORD-1454,02-12-2025,SOL-S-01,1,East,Surgeon_K,4.25,7,Low Risk
ORD-1455,02-01-2025,SURG-P-02,17,East,Optician_B,1445,30,Medium Risk
ORD-1456,6/13/2025,SURG-L-01,16,South,Optician_C,2400,45,High Risk
ORD-1457,09-12-2025,SURG-L-01,13,South,Optician_A,1950,45,High Risk
ORD-1458,5/20/2025,SURG-L-01,25,North,Surgeon_K,3750,45,High Risk
ORD-1459,11/18/2025,SOL-S-01,1,West,Optician_A,4.25,7,Low Risk
ORD-1460,08-08-2025,SURG-P-02,4,South,Optician_B,340,30,Medium Risk
ORD-1461,4/15/2025,LENS-M-02,13,South,Optician_A,325,21,Medium Risk
ORD-1462,02-02-2025,FRM-M-10,21,West,Optician_B,945,30,Medium Risk
ORD-1463,4/30/2025,SURG-L-01,15,North,Optician_C,2250,45,High Risk
ORD-1464,5/22/2025,LENS-M-02,13,South,Surgeon_K,325,21,Medium Risk
ORD-1465,2/18/2025,SURG-L-01,4,West,Optician_A,600,45,High Risk
ORD-1466,11/24/2025,SURG-P-02,21,South,Surgeon_K,1785,30,Medium Risk
ORD-1467,4/26/2025,LENS-M-02,16,South,Optician_B,400,21,Medium Risk
ORD-1468,12/28/2025,FRM-M-10,24,North,Optician_C,1080,30,Medium Risk
ORD-1469,6/27/2025,LENS-D-01,22,West,Optician_B,275,14,Low Risk
ORD-1470,4/16/2025,LENS-D-01,23,East,Optician_C,287.5,14,Low Risk
ORD-1471,10-12-2025,SURG-L-01,17,West,Optician_C,2550,45,High Risk
ORD-1472,4/27/2025,SURG-L-01,22,East,Optician_A,3300,45,High Risk
ORD-1473,12/27/2025,LENS-D-01,16,South,Optician_C,200,14,Low Risk
ORD-1474,6/23/2025,SURG-P-02,24,North,Optician_C,2040,30,Medium Risk
ORD-1475,12-11-2025,SURG-L-01,18,West,Surgeon_K,2700,45,High Risk
ORD-1476,12/26/2025,LENS-M-02,4,West,Optician_A,100,21,Medium Risk
ORD-1477,06-03-2025,SURG-P-02,12,East,Surgeon_K,1020,30,Medium Risk
ORD-1478,04-03-2025,SURG-P-02,21,West,Surgeon_K,1785,30,Medium Risk
ORD-1479,2/19/2025,FRM-M-10,10,South,Optician_A,450,30,Medium Risk
ORD-1480,03-12-2025,FRM-W-12,3,North,Surgeon_K,145.5,30,Medium Risk
ORD-1481,11/29/2025,LENS-M-02,15,North,Optician_C,375,21,Medium Risk
ORD-1482,08-11-2025,FRM-M-10,7,South,Optician_B,315,30,Medium Risk
ORD-1483,8/29/2025,SURG-L-01,18,North,Optician_A,2700,45,High Risk
ORD-1484,12/28/2025,LENS-M-02,19,West,Optician_A,475,21,Medium Risk
ORD-1485,1/16/2025,LENS-M-02,19,North,Optician_B,475,21,Medium Risk
ORD-1486,10-12-2025,SURG-L-01,17,North,Surgeon_K,2550,45,High Risk
ORD-1487,09-10-2025,SOL-S-01,21,South,Surgeon_K,89.25,7,Low Risk
ORD-1488,5/25/2025,LENS-D-01,10,North,Surgeon_K,125,14,Low Risk
ORD-1489,10/24/2025,LENS-D-01,10,East,Optician_A,125,14,Low Risk
ORD-1490,02-02-2025,SURG-P-02,1,West,Surgeon_K,85,30,Medium Risk
ORD-1491,03-01-2025,SURG-L-01,8,South,Surgeon_K,1200,45,High Risk
ORD-1492,12-04-2025,SURG-L-01,9,West,Optician_B,1350,45,High Risk
ORD-1493,07-06-2025,FRM-W-12,24,North,Optician_B,1164,30,Medium Risk
ORD-1494,06-10-2025,FRM-W-12,9,North,Surgeon_K,436.5,30,Medium Risk
ORD-1495,5/22/2025,SURG-P-02,10,North,Surgeon_K,850,30,Medium Risk
ORD-1496,01-05-2025,SURG-P-02,15,North,Optician_A,1275,30,Medium Risk
ORD-1497,06-05-2025,SURG-P-02,24,East,Surgeon_K,2040,30,Medium Risk
ORD-1498,7/28/2025,SURG-L-01,1,South,Optician_A,150,45,High Risk
ORD-1499,6/23/2025,LENS-D-01,4,North,Surgeon_K,50,14,Low Risk
ORD-1500,8/16/2025,LENS-D-01,2,East,Optician_A,25,14,Low Risk
ORD-1501,3/24/2025,LENS-M-02,7,West,Optician_C,175,21,Medium Risk
ORD-1502,9/14/2025,LENS-D-01,2,South,Surgeon_K,25,14,Low Risk
ORD-1503,3/23/2025,FRM-W-12,14,South,Optician_A,679,30,Medium Risk
ORD-1504,02-12-2025,SURG-P-02,1,North,Optician_A,85,30,Medium Risk
ORD-1505,05-04-2025,FRM-M-10,25,North,Surgeon_K,1125,30,Medium Risk
ORD-1506,9/22/2025,LENS-D-01,18,East,Optician_A,225,14,Low Risk
ORD-1507,11/29/2025,SURG-P-02,5,North,Surgeon_K,425,30,Medium Risk
ORD-1508,12/15/2025,SURG-L-01,24,East,Optician_C,3600,45,High Risk
ORD-1509,3/21/2025,SOL-S-01,18,East,Optician_B,76.5,7,Low Risk
ORD-1510,6/30/2025,LENS-D-01,3,South,Optician_C,37.5,14,Low Risk
ORD-1511,9/23/2025,LENS-M-02,1,East,Optician_B,25,21,Medium Risk
ORD-1512,04-02-2025,LENS-M-02,18,West,Optician_C,450,21,Medium Risk
ORD-1513,11-05-2025,FRM-W-12,8,West,Optician_B,388,30,Medium Risk
ORD-1514,4/13/2025,SURG-L-01,17,North,Optician_A,2550,45,High Risk
ORD-1515,1/23/2025,LENS-D-01,11,South,Optician_B,137.5,14,Low Risk
ORD-1516,03-11-2025,LENS-M-02,5,East,Surgeon_K,125,21,Medium Risk
ORD-1517,7/25/2025,FRM-M-10,3,North,Optician_B,135,30,Medium Risk
ORD-1518,3/25/2025,FRM-M-10,9,North,Optician_A,405,30,Medium Risk
ORD-1519,10/27/2025,SURG-P-02,7,South,Optician_C,595,30,Medium Risk
ORD-1520,1/28/2025,LENS-D-01,9,South,Optician_A,112.5,14,Low Risk
ORD-1521,02-07-2025,SURG-P-02,21,South,Optician_C,1785,30,Medium Risk
ORD-1522,7/31/2025,SOL-S-01,22,North,Optician_C,93.5,7,Low Risk
ORD-1523,06-01-2025,SOL-S-01,12,South,Optician_C,51,7,Low Risk
ORD-1524,11/30/2025,FRM-W-12,25,East,Optician_B,1212.5,30,Medium Risk
ORD-1525,10/19/2025,SURG-P-02,14,West,Optician_A,1190,30,Medium Risk
ORD-1526,01-03-2025,FRM-M-10,9,South,Optician_B,405,30,Medium Risk
ORD-1527,10/21/2025,LENS-D-01,9,East,Optician_B,112.5,14,Low Risk
ORD-1528,05-08-2025,FRM-W-12,13,East,Surgeon_K,630.5,30,Medium Risk
ORD-1529,01-09-2025,FRM-W-12,6,South,Optician_A,291,30,Medium Risk
ORD-1530,3/28/2025,FRM-W-12,15,South,Optician_B,727.5,30,Medium Risk
ORD-1531,1/15/2025,SURG-L-01,3,East,Optician_B,450,45,High Risk
ORD-1532,08-02-2025,SURG-P-02,5,East,Optician_C,425,30,Medium Risk
ORD-1533,06-01-2025,LENS-D-01,9,East,Surgeon_K,112.5,14,Low Risk
ORD-1534,03-01-2025,LENS-D-01,10,South,Surgeon_K,125,14,Low Risk
ORD-1535,12-03-2025,LENS-M-02,22,North,Optician_A,550,21,Medium Risk
ORD-1536,02-04-2025,LENS-M-02,9,North,Optician_A,225,21,Medium Risk
ORD-1537,04-08-2025,FRM-W-12,10,North,Surgeon_K,485,30,Medium Risk
ORD-1538,6/29/2025,FRM-M-10,15,East,Surgeon_K,675,30,Medium Risk
ORD-1539,3/15/2025,SURG-L-01,2,West,Surgeon_K,300,45,High Risk
ORD-1540,06-12-2025,SURG-L-01,12,North,Surgeon_K,1800,45,High Risk
ORD-1541,11/16/2025,SOL-S-01,13,East,Optician_C,55.25,7,Low Risk
ORD-1542,9/27/2025,FRM-W-12,25,North,Optician_C,1212.5,30,Medium Risk
ORD-1543,07-07-2025,FRM-W-12,12,West,Optician_A,582,30,Medium Risk
ORD-1544,12/14/2025,SOL-S-01,11,West,Optician_C,46.75,7,Low Risk
ORD-1545,6/15/2025,SOL-S-01,13,East,Optician_C,55.25,7,Low Risk
ORD-1546,12/17/2025,LENS-D-01,1,West,Optician_A,12.5,14,Low Risk
ORD-1547,10-06-2025,SURG-P-02,7,West,Optician_C,595,30,Medium Risk
ORD-1548,02-07-2025,LENS-D-01,8,East,Optician_B,100,14,Low Risk
ORD-1549,11-12-2025,SOL-S-01,16,East,Optician_A,68,7,Low Risk
ORD-1550,5/16/2025,LENS-D-01,13,East,Optician_C,162.5,14,Low Risk
ORD-1551,7/29/2025,SOL-S-01,18,North,Optician_B,76.5,7,Low Risk
ORD-1552,02-03-2025,SOL-S-01,2,North,Optician_A,8.5,7,Low Risk
ORD-1553,12/15/2025,SURG-P-02,13,East,Surgeon_K,1105,30,Medium Risk
ORD-1554,4/28/2025,FRM-W-12,9,North,Optician_A,436.5,30,Medium Risk
ORD-1555,2/24/2025,FRM-M-10,24,East,Optician_C,1080,30,Medium Risk
ORD-1556,12-06-2025,LENS-D-01,8,West,Optician_C,100,14,Low Risk
ORD-1557,01-08-2025,SURG-P-02,9,North,Optician_B,765,30,Medium Risk
ORD-1558,04-03-2025,SURG-L-01,21,East,Optician_C,3150,45,High Risk
ORD-1559,7/24/2025,SURG-P-02,5,East,Optician_C,425,30,Medium Risk
ORD-1560,01-04-2025,SURG-L-01,16,South,Optician_A,2400,45,High Risk
ORD-1561,11-05-2025,LENS-D-01,15,North,Surgeon_K,187.5,14,Low Risk
ORD-1562,2/26/2025,FRM-M-10,13,North,Optician_B,585,30,Medium Risk
ORD-1563,5/28/2025,FRM-W-12,19,North,Optician_B,921.5,30,Medium Risk
ORD-1564,12/23/2025,SOL-S-01,13,East,Optician_B,55.25,7,Low Risk
ORD-1565,9/27/2025,LENS-D-01,25,South,Optician_C,312.5,14,Low Risk
ORD-1566,10-07-2025,SURG-P-02,18,South,Optician_C,1530,30,Medium Risk
ORD-1567,10/26/2025,LENS-D-01,3,West,Optician_B,37.5,14,Low Risk
ORD-1568,2/27/2025,SURG-L-01,20,North,Surgeon_K,3000,45,High Risk
ORD-1569,10/26/2025,SURG-P-02,24,North,Optician_B,2040,30,Medium Risk
ORD-1570,11-03-2025,FRM-M-10,8,South,Optician_A,360,30,Medium Risk
ORD-1571,07-07-2025,SURG-L-01,17,South,Optician_C,2550,45,High Risk
ORD-1572,11/15/2025,SURG-L-01,21,South,Optician_A,3150,45,High Risk
ORD-1573,07-04-2025,SURG-L-01,14,North,Optician_B,2100,45,High Risk
ORD-1574,07-04-2025,FRM-M-10,24,East,Surgeon_K,1080,30,Medium Risk
ORD-1575,06-08-2025,LENS-M-02,2,North,Optician_A,50,21,Medium Risk
ORD-1576,12-10-2025,SURG-P-02,6,West,Optician_A,510,30,Medium Risk
ORD-1577,11/19/2025,SURG-L-01,23,East,Optician_B,3450,45,High Risk
ORD-1578,5/22/2025,LENS-M-02,24,East,Optician_C,600,21,Medium Risk
ORD-1579,5/30/2025,SURG-P-02,18,North,Optician_B,1530,30,Medium Risk
ORD-1580,3/19/2025,SOL-S-01,5,South,Optician_B,21.25,7,Low Risk
ORD-1581,12-10-2025,LENS-D-01,11,East,Optician_B,137.5,14,Low Risk
ORD-1582,8/13/2025,SOL-S-01,12,West,Optician_A,51,7,Low Risk
ORD-1583,4/21/2025,FRM-W-12,12,West,Optician_C,582,30,Medium Risk
ORD-1584,8/14/2025,SOL-S-01,23,West,Optician_C,97.75,7,Low Risk
ORD-1585,07-04-2025,SURG-L-01,3,West,Optician_B,450,45,High Risk
ORD-1586,6/13/2025,SURG-P-02,6,North,Optician_C,510,30,Medium Risk
ORD-1587,5/17/2025,LENS-D-01,9,West,Optician_C,112.5,14,Low Risk
ORD-1588,3/31/2025,LENS-D-01,1,North,Surgeon_K,12.5,14,Low Risk
ORD-1589,9/27/2025,SURG-L-01,23,East,Surgeon_K,3450,45,High Risk
ORD-1590,9/26/2025,FRM-M-10,8,East,Optician_B,360,30,Medium Risk
ORD-1591,6/14/2025,SURG-L-01,2,West,Optician_C,300,45,High Risk
ORD-1592,11-08-2025,FRM-M-10,3,East,Optician_A,135,30,Medium Risk
ORD-1593,06-09-2025,SURG-L-01,17,South,Optician_C,2550,45,High Risk
ORD-1594,04-03-2025,LENS-M-02,12,North,Optician_C,300,21,Medium Risk
ORD-1595,4/25/2025,SOL-S-01,11,South,Optician_A,46.75,7,Low Risk
ORD-1596,10-11-2025,SURG-L-01,17,East,Surgeon_K,2550,45,High Risk
ORD-1597,01-08-2025,SOL-S-01,14,West,Surgeon_K,59.5,7,Low Risk
ORD-1598,10-02-2025,FRM-M-10,9,North,Optician_A,405,30,Medium Risk
ORD-1599,10-12-2025,LENS-M-02,8,North,Optician_B,200,21,Medium Risk
ORD-1600,1/17/2025,SOL-S-01,12,South,Surgeon_K,51,7,Low Risk
ORD-1601,07-08-2025,SURG-P-02,10,North,Optician_B,850,30,Medium Risk
ORD-1602,2/28/2025,LENS-D-01,22,West,Optician_B,275,14,Low Risk
ORD-1603,11/13/2025,FRM-W-12,2,West,Surgeon_K,97,30,Medium Risk
ORD-1604,04-06-2025,FRM-M-10,22,West,Optician_C,990,30,Medium Risk
ORD-1605,04-05-2025,SURG-L-01,4,South,Optician_C,600,45,High Risk
ORD-1606,01-01-2025,LENS-D-01,13,North,Optician_A,162.5,14,Low Risk
ORD-1607,3/28/2025,SURG-L-01,2,South,Optician_B,300,45,High Risk
ORD-1608,3/13/2025,LENS-D-01,19,South,Optician_C,237.5,14,Low Risk
ORD-1609,07-10-2025,LENS-D-01,18,West,Optician_A,225,14,Low Risk
ORD-1610,04-08-2025,LENS-M-02,23,South,Optician_C,575,21,Medium Risk
ORD-1611,12/24/2025,SURG-L-01,8,North,Optician_A,1200,45,High Risk
ORD-1612,3/28/2025,FRM-W-12,3,North,Surgeon_K,145.5,30,Medium Risk
ORD-1613,2/24/2025,LENS-D-01,12,East,Optician_A,150,14,Low Risk
ORD-1614,4/21/2025,SURG-P-02,12,East,Optician_A,1020,30,Medium Risk
ORD-1615,11/25/2025,LENS-M-02,2,East,Optician_B,50,21,Medium Risk
ORD-1616,7/24/2025,SOL-S-01,3,West,Optician_C,12.75,7,Low Risk
ORD-1617,12/31/2025,LENS-D-01,16,West,Surgeon_K,200,14,Low Risk
ORD-1618,03-07-2025,FRM-M-10,24,West,Surgeon_K,1080,30,Medium Risk
ORD-1619,9/15/2025,FRM-W-12,20,East,Optician_A,970,30,Medium Risk
ORD-1620,2/24/2025,SURG-P-02,14,East,Surgeon_K,1190,30,Medium Risk
ORD-1621,01-04-2025,FRM-W-12,18,East,Optician_A,873,30,Medium Risk
ORD-1622,8/22/2025,SURG-L-01,17,South,Optician_B,2550,45,High Risk
ORD-1623,6/25/2025,SOL-S-01,18,West,Optician_B,76.5,7,Low Risk
ORD-1624,3/18/2025,SOL-S-01,9,South,Optician_A,38.25,7,Low Risk
ORD-1625,07-06-2025,SURG-L-01,13,West,Surgeon_K,1950,45,High Risk
ORD-1626,1/25/2025,LENS-D-01,23,West,Surgeon_K,287.5,14,Low Risk
ORD-1627,10/26/2025,SOL-S-01,5,West,Optician_A,21.25,7,Low Risk
ORD-1628,10/24/2025,FRM-W-12,10,West,Optician_A,485,30,Medium Risk
ORD-1629,04-07-2025,FRM-W-12,18,North,Optician_B,873,30,Medium Risk
ORD-1630,7/25/2025,SURG-P-02,1,South,Optician_A,85,30,Medium Risk
ORD-1631,02-04-2025,SURG-L-01,20,North,Optician_C,3000,45,High Risk
ORD-1632,8/19/2025,LENS-D-01,17,East,Surgeon_K,212.5,14,Low Risk
ORD-1633,2/26/2025,SURG-P-02,25,East,Optician_A,2125,30,Medium Risk
ORD-1634,09-08-2025,LENS-M-02,12,West,Optician_A,300,21,Medium Risk
ORD-1635,10-12-2025,SURG-P-02,2,South,Surgeon_K,170,30,Medium Risk
ORD-1636,07-04-2025,FRM-M-10,5,South,Optician_B,225,30,Medium Risk
ORD-1637,08-09-2025,LENS-D-01,16,North,Optician_B,200,14,Low Risk
ORD-1638,1/22/2025,SURG-L-01,2,South,Optician_A,300,45,High Risk
ORD-1639,3/14/2025,FRM-M-10,6,North,Optician_B,270,30,Medium Risk
ORD-1640,02-10-2025,FRM-W-12,5,East,Surgeon_K,242.5,30,Medium Risk
ORD-1641,04-05-2025,FRM-W-12,18,East,Optician_C,873,30,Medium Risk
ORD-1642,12-10-2025,SURG-L-01,14,South,Optician_C,2100,45,High Risk
ORD-1643,7/20/2025,FRM-M-10,13,North,Optician_C,585,30,Medium Risk
ORD-1644,11-10-2025,SURG-P-02,6,West,Optician_C,510,30,Medium Risk
ORD-1645,03-08-2025,FRM-W-12,16,East,Optician_A,776,30,Medium Risk
ORD-1646,04-02-2025,LENS-M-02,6,South,Surgeon_K,150,21,Medium Risk
ORD-1647,12-07-2025,FRM-W-12,21,West,Optician_A,1018.5,30,Medium Risk
ORD-1648,10/16/2025,SURG-P-02,6,West,Optician_C,510,30,Medium Risk
ORD-1649,09-11-2025,FRM-M-10,3,West,Optician_C,135,30,Medium Risk
ORD-1650,06-08-2025,FRM-M-10,12,North,Optician_A,540,30,Medium Risk
ORD-1651,09-06-2025,SURG-P-02,10,South,Optician_A,850,30,Medium Risk
ORD-1652,6/17/2025,LENS-M-02,22,East,Optician_C,550,21,Medium Risk
ORD-1653,02-05-2025,FRM-M-10,25,South,Optician_B,1125,30,Medium Risk
ORD-1654,06-03-2025,SOL-S-01,11,East,Surgeon_K,46.75,7,Low Risk
ORD-1655,9/13/2025,LENS-M-02,7,North,Optician_B,175,21,Medium Risk
ORD-1656,7/27/2025,SURG-P-02,8,North,Optician_C,680,30,Medium Risk
ORD-1657,04-04-2025,FRM-W-12,18,North,Optician_B,873,30,Medium Risk
ORD-1658,01-06-2025,LENS-M-02,2,North,Optician_B,50,21,Medium Risk
ORD-1659,2/14/2025,SURG-P-02,3,North,Surgeon_K,255,30,Medium Risk
ORD-1660,8/24/2025,LENS-D-01,10,South,Optician_C,125,14,Low Risk
ORD-1661,12/16/2025,LENS-M-02,24,North,Optician_B,600,21,Medium Risk
ORD-1662,2/26/2025,LENS-D-01,14,West,Optician_B,175,14,Low Risk
ORD-1663,8/30/2025,LENS-D-01,21,South,Optician_A,262.5,14,Low Risk
ORD-1664,6/18/2025,FRM-W-12,4,North,Optician_B,194,30,Medium Risk
ORD-1665,2/28/2025,LENS-M-02,13,West,Optician_B,325,21,Medium Risk
ORD-1666,7/21/2025,SURG-P-02,25,North,Optician_A,2125,30,Medium Risk
ORD-1667,12/29/2025,SURG-L-01,10,East,Surgeon_K,1500,45,High Risk
ORD-1668,10/21/2025,SURG-L-01,19,North,Optician_B,2850,45,High Risk
ORD-1669,6/21/2025,LENS-D-01,25,South,Optician_C,312.5,14,Low Risk
ORD-1670,1/22/2025,FRM-M-10,12,South,Optician_C,540,30,Medium Risk
ORD-1671,09-08-2025,SOL-S-01,18,East,Surgeon_K,76.5,7,Low Risk
ORD-1672,08-10-2025,SOL-S-01,6,East,Optician_B,25.5,7,Low Risk
ORD-1673,7/14/2025,LENS-D-01,14,East,Surgeon_K,175,14,Low Risk
ORD-1674,05-05-2025,SURG-P-02,1,South,Optician_B,85,30,Medium Risk
ORD-1675,08-04-2025,FRM-W-12,8,East,Optician_A,388,30,Medium Risk
ORD-1676,10-08-2025,SURG-L-01,13,South,Optician_B,1950,45,High Risk
ORD-1677,3/30/2025,SOL-S-01,14,South,Optician_A,59.5,7,Low Risk
ORD-1678,12/30/2025,LENS-D-01,17,East,Surgeon_K,212.5,14,Low Risk
ORD-1679,5/19/2025,SOL-S-01,19,North,Optician_B,80.75,7,Low Risk
ORD-1680,03-07-2025,SURG-P-02,24,South,Optician_B,2040,30,Medium Risk
ORD-1681,03-09-2025,LENS-M-02,9,West,Optician_A,225,21,Medium Risk
ORD-1682,10/20/2025,FRM-W-12,1,North,Optician_A,48.5,30,Medium Risk
ORD-1683,9/22/2025,SURG-P-02,9,West,Surgeon_K,765,30,Medium Risk
ORD-1684,10/18/2025,SURG-P-02,4,South,Optician_B,340,30,Medium Risk
ORD-1685,10/18/2025,FRM-W-12,15,South,Optician_A,727.5,30,Medium Risk
ORD-1686,04-12-2025,LENS-D-01,4,East,Optician_B,50,14,Low Risk
ORD-1687,12/21/2025,LENS-M-02,4,South,Optician_A,100,21,Medium Risk
ORD-1688,1/29/2025,LENS-D-01,18,South,Optician_C,225,14,Low Risk
ORD-1689,8/27/2025,SURG-L-01,3,West,Optician_C,450,45,High Risk
ORD-1690,10-05-2025,SURG-P-02,8,West,Optician_A,680,30,Medium Risk
ORD-1691,10-04-2025,SOL-S-01,12,South,Optician_B,51,7,Low Risk
ORD-1692,11/22/2025,FRM-M-10,7,South,Optician_A,315,30,Medium Risk
ORD-1693,10/16/2025,FRM-W-12,1,South,Surgeon_K,48.5,30,Medium Risk
ORD-1694,08-03-2025,SOL-S-01,8,North,Optician_A,34,7,Low Risk
ORD-1695,1/22/2025,SOL-S-01,8,North,Optician_A,34,7,Low Risk
ORD-1696,02-07-2025,LENS-D-01,15,West,Optician_B,187.5,14,Low Risk
ORD-1697,12/16/2025,SURG-P-02,11,East,Optician_C,935,30,Medium Risk
ORD-1698,02-02-2025,LENS-D-01,10,West,Surgeon_K,125,14,Low Risk
ORD-1699,10/28/2025,FRM-W-12,23,South,Optician_A,1115.5,30,Medium Risk
ORD-1700,2/18/2025,SOL-S-01,15,West,Surgeon_K,63.75,7,Low Risk
ORD-1701,7/19/2025,SURG-L-01,14,North,Optician_A,2100,45,High Risk
ORD-1702,03-04-2025,SURG-P-02,19,East,Surgeon_K,1615,30,Medium Risk
ORD-1703,05-12-2025,SURG-P-02,13,West,Optician_A,1105,30,Medium Risk
ORD-1704,06-03-2025,SURG-L-01,4,South,Optician_A,600,45,High Risk
ORD-1705,5/15/2025,FRM-M-10,2,South,Optician_B,90,30,Medium Risk
ORD-1706,01-09-2025,SOL-S-01,21,North,Optician_B,89.25,7,Low Risk
ORD-1707,9/29/2025,FRM-M-10,15,East,Optician_C,675,30,Medium Risk
ORD-1708,8/20/2025,FRM-W-12,16,South,Optician_C,776,30,Medium Risk
ORD-1709,1/13/2025,FRM-M-10,7,South,Optician_C,315,30,Medium Risk
ORD-1710,12-10-2025,SURG-P-02,20,East,Optician_C,1700,30,Medium Risk
ORD-1711,04-01-2025,SURG-L-01,11,East,Optician_B,1650,45,High Risk
ORD-1712,5/28/2025,FRM-W-12,13,North,Optician_C,630.5,30,Medium Risk
ORD-1713,10/24/2025,SURG-P-02,8,South,Optician_A,680,30,Medium Risk
ORD-1714,04-07-2025,FRM-W-12,23,East,Surgeon_K,1115.5,30,Medium Risk
ORD-1715,2/22/2025,FRM-W-12,23,East,Surgeon_K,1115.5,30,Medium Risk
ORD-1716,11-11-2025,FRM-W-12,21,East,Optician_A,1018.5,30,Medium Risk
ORD-1717,11/27/2025,SOL-S-01,14,South,Optician_B,59.5,7,Low Risk
ORD-1718,2/20/2025,SURG-P-02,12,South,Optician_C,1020,30,Medium Risk
ORD-1719,05-04-2025,FRM-W-12,13,South,Optician_A,630.5,30,Medium Risk
ORD-1720,12-04-2025,LENS-M-02,6,South,Optician_B,150,21,Medium Risk
ORD-1721,5/16/2025,LENS-D-01,16,East,Optician_C,200,14,Low Risk
ORD-1722,07-05-2025,FRM-W-12,3,South,Optician_C,145.5,30,Medium Risk
ORD-1723,05-06-2025,LENS-M-02,8,West,Optician_A,200,21,Medium Risk
ORD-1724,09-02-2025,SURG-P-02,5,West,Optician_C,425,30,Medium Risk
ORD-1725,6/18/2025,FRM-M-10,1,South,Optician_A,45,30,Medium Risk
ORD-1726,2/24/2025,LENS-D-01,21,West,Optician_B,262.5,14,Low Risk
ORD-1727,5/29/2025,SURG-P-02,8,South,Optician_B,680,30,Medium Risk
ORD-1728,3/18/2025,FRM-W-12,1,North,Optician_C,48.5,30,Medium Risk
ORD-1729,5/23/2025,LENS-M-02,8,West,Optician_C,200,21,Medium Risk
ORD-1730,7/14/2025,LENS-D-01,24,North,Optician_A,300,14,Low Risk
ORD-1731,06-09-2025,LENS-D-01,16,West,Optician_A,200,14,Low Risk
ORD-1732,6/15/2025,LENS-M-02,15,South,Optician_A,375,21,Medium Risk
ORD-1733,7/14/2025,SOL-S-01,2,South,Optician_B,8.5,7,Low Risk
ORD-1734,12-08-2025,SOL-S-01,7,North,Optician_B,29.75,7,Low Risk
ORD-1735,7/14/2025,LENS-D-01,2,South,Optician_C,25,14,Low Risk
ORD-1736,9/19/2025,LENS-D-01,10,North,Optician_B,125,14,Low Risk
ORD-1737,09-11-2025,LENS-D-01,22,North,Optician_C,275,14,Low Risk
ORD-1738,2/15/2025,SURG-L-01,2,West,Optician_A,300,45,High Risk
ORD-1739,5/22/2025,LENS-D-01,22,East,Optician_A,275,14,Low Risk
ORD-1740,9/28/2025,SURG-P-02,21,West,Optician_B,1785,30,Medium Risk
ORD-1741,08-09-2025,SURG-P-02,3,South,Optician_B,255,30,Medium Risk
ORD-1742,05-11-2025,LENS-M-02,5,West,Surgeon_K,125,21,Medium Risk
ORD-1743,05-09-2025,FRM-W-12,10,North,Surgeon_K,485,30,Medium Risk
ORD-1744,11/23/2025,FRM-W-12,3,North,Optician_A,145.5,30,Medium Risk
ORD-1745,07-08-2025,SOL-S-01,8,North,Surgeon_K,34,7,Low Risk
ORD-1746,06-11-2025,FRM-M-10,14,North,Optician_C,630,30,Medium Risk
ORD-1747,09-10-2025,SURG-P-02,10,West,Optician_A,850,30,Medium Risk
ORD-1748,4/30/2025,FRM-M-10,1,North,Optician_A,45,30,Medium Risk
ORD-1749,6/26/2025,LENS-M-02,15,North,Optician_B,375,21,Medium Risk
ORD-1750,5/16/2025,SURG-L-01,1,North,Optician_C,150,45,High Risk
ORD-1751,06-09-2025,LENS-D-01,2,East,Optician_A,25,14,Low Risk
ORD-1752,6/26/2025,SURG-P-02,13,North,Optician_C,1105,30,Medium Risk
ORD-1753,1/19/2025,LENS-D-01,22,East,Optician_A,275,14,Low Risk
ORD-1754,7/22/2025,LENS-D-01,16,East,Optician_A,200,14,Low Risk
ORD-1755,9/14/2025,LENS-M-02,20,South,Optician_B,500,21,Medium Risk
ORD-1756,2/20/2025,SURG-L-01,5,West,Optician_B,750,45,High Risk
ORD-1757,07-02-2025,SOL-S-01,4,West,Optician_A,17,7,Low Risk
ORD-1758,11-03-2025,FRM-W-12,20,South,Surgeon_K,970,30,Medium Risk
ORD-1759,8/27/2025,SOL-S-01,18,South,Optician_A,76.5,7,Low Risk
ORD-1760,10-05-2025,SURG-L-01,17,North,Surgeon_K,2550,45,High Risk
ORD-1761,6/23/2025,LENS-M-02,14,East,Surgeon_K,350,21,Medium Risk
ORD-1762,12-02-2025,LENS-M-02,6,West,Optician_A,150,21,Medium Risk
ORD-1763,7/15/2025,SURG-L-01,18,East,Optician_B,2700,45,High Risk
ORD-1764,8/23/2025,SOL-S-01,12,East,Optician_C,51,7,Low Risk
ORD-1765,8/29/2025,SOL-S-01,24,East,Optician_C,102,7,Low Risk
ORD-1766,9/15/2025,FRM-W-12,21,East,Optician_A,1018.5,30,Medium Risk
ORD-1767,12/16/2025,SURG-P-02,12,East,Surgeon_K,1020,30,Medium Risk
ORD-1768,10-08-2025,SOL-S-01,2,North,Surgeon_K,8.5,7,Low Risk
ORD-1769,8/21/2025,SOL-S-01,4,East,Optician_C,17,7,Low Risk
ORD-1770,08-02-2025,SOL-S-01,5,South,Optician_B,21.25,7,Low Risk
ORD-1771,4/22/2025,SURG-P-02,24,North,Optician_B,2040,30,Medium Risk
ORD-1772,11-06-2025,SURG-L-01,8,East,Optician_A,1200,45,High Risk
ORD-1773,01-09-2025,FRM-W-12,8,East,Optician_A,388,30,Medium Risk
ORD-1774,12/22/2025,LENS-M-02,25,North,Optician_C,625,21,Medium Risk
ORD-1775,06-03-2025,SURG-L-01,15,West,Optician_C,2250,45,High Risk
ORD-1776,10/17/2025,LENS-M-02,8,East,Surgeon_K,200,21,Medium Risk
ORD-1777,3/14/2025,SURG-P-02,6,South,Optician_C,510,30,Medium Risk
ORD-1778,7/14/2025,SURG-L-01,17,North,Optician_C,2550,45,High Risk
ORD-1779,8/22/2025,LENS-D-01,13,East,Optician_C,162.5,14,Low Risk
ORD-1780,06-06-2025,SOL-S-01,3,West,Optician_A,12.75,7,Low Risk
ORD-1781,01-03-2025,SOL-S-01,23,East,Surgeon_K,97.75,7,Low Risk
ORD-1782,1/27/2025,LENS-D-01,12,North,Optician_C,150,14,Low Risk
ORD-1783,5/14/2025,SURG-P-02,20,South,Surgeon_K,1700,30,Medium Risk
ORD-1784,12-02-2025,FRM-W-12,7,West,Optician_A,339.5,30,Medium Risk
ORD-1785,05-02-2025,FRM-M-10,11,South,Optician_B,495,30,Medium Risk
ORD-1786,11-02-2025,LENS-M-02,22,East,Optician_B,550,21,Medium Risk
ORD-1787,4/24/2025,SOL-S-01,10,South,Surgeon_K,42.5,7,Low Risk
ORD-1788,4/23/2025,SURG-L-01,20,West,Optician_A,3000,45,High Risk
ORD-1789,2/19/2025,SURG-L-01,6,North,Surgeon_K,900,45,High Risk
ORD-1790,6/28/2025,FRM-M-10,3,South,Optician_B,135,30,Medium Risk
ORD-1791,9/15/2025,FRM-W-12,21,North,Optician_A,1018.5,30,Medium Risk
ORD-1792,11/20/2025,LENS-M-02,4,West,Optician_A,100,21,Medium Risk
ORD-1793,12/22/2025,FRM-W-12,18,West,Optician_C,873,30,Medium Risk
ORD-1794,5/21/2025,LENS-D-01,10,North,Optician_B,125,14,Low Risk
ORD-1795,12/25/2025,LENS-D-01,18,South,Optician_B,225,14,Low Risk
ORD-1796,4/20/2025,SURG-L-01,17,West,Optician_B,2550,45,High Risk
ORD-1797,11/19/2025,LENS-M-02,3,South,Surgeon_K,75,21,Medium Risk
ORD-1798,8/23/2025,LENS-M-02,18,East,Optician_B,450,21,Medium Risk
ORD-1799,6/22/2025,SOL-S-01,19,West,Surgeon_K,80.75,7,Low Risk
ORD-1800,8/19/2025,SURG-P-02,11,West,Optician_C,935,30,Medium Risk
ORD-1801,10-07-2025,FRM-M-10,18,East,Optician_A,810,30,Medium Risk
ORD-1802,10-09-2025,SURG-L-01,11,East,Optician_C,1650,45,High Risk
ORD-1803,12/26/2025,SURG-L-01,13,South,Optician_B,1950,45,High Risk
ORD-1804,01-06-2025,SURG-P-02,14,West,Optician_A,1190,30,Medium Risk
ORD-1805,02-10-2025,LENS-M-02,18,North,Optician_C,450,21,Medium Risk
ORD-1806,03-11-2025,SURG-L-01,23,East,Optician_B,3450,45,High Risk
ORD-1807,5/31/2025,LENS-M-02,7,West,Surgeon_K,175,21,Medium Risk
ORD-1808,09-12-2025,LENS-M-02,24,West,Optician_A,600,21,Medium Risk
ORD-1809,8/27/2025,FRM-M-10,1,South,Optician_A,45,30,Medium Risk
ORD-1810,06-08-2025,SURG-L-01,14,West,Optician_C,2100,45,High Risk
ORD-1811,04-09-2025,FRM-M-10,15,West,Optician_B,675,30,Medium Risk
ORD-1812,8/26/2025,SURG-P-02,9,South,Optician_A,765,30,Medium Risk
ORD-1813,6/26/2025,FRM-W-12,11,South,Optician_A,533.5,30,Medium Risk
ORD-1814,6/22/2025,LENS-M-02,3,West,Optician_B,75,21,Medium Risk
ORD-1815,8/19/2025,SURG-L-01,9,South,Surgeon_K,1350,45,High Risk
ORD-1816,09-05-2025,LENS-D-01,22,West,Optician_B,275,14,Low Risk
ORD-1817,05-08-2025,LENS-D-01,21,North,Optician_B,262.5,14,Low Risk
ORD-1818,08-01-2025,SURG-L-01,20,North,Optician_B,3000,45,High Risk
ORD-1819,02-05-2025,FRM-M-10,22,East,Optician_C,990,30,Medium Risk
ORD-1820,5/18/2025,LENS-M-02,11,North,Optician_A,275,21,Medium Risk
ORD-1821,01-12-2025,LENS-D-01,16,East,Optician_A,200,14,Low Risk
ORD-1822,08-04-2025,SURG-L-01,2,South,Surgeon_K,300,45,High Risk
ORD-1823,4/28/2025,SOL-S-01,6,East,Optician_B,25.5,7,Low Risk
ORD-1824,11/30/2025,FRM-M-10,12,West,Optician_A,540,30,Medium Risk
ORD-1825,2/23/2025,SURG-L-01,2,West,Optician_B,300,45,High Risk
ORD-1826,3/13/2025,FRM-W-12,9,South,Optician_C,436.5,30,Medium Risk
ORD-1827,01-09-2025,FRM-M-10,8,West,Optician_A,360,30,Medium Risk
ORD-1828,7/23/2025,FRM-M-10,2,West,Optician_C,90,30,Medium Risk
ORD-1829,11/20/2025,SURG-P-02,14,West,Surgeon_K,1190,30,Medium Risk
ORD-1830,4/28/2025,SOL-S-01,9,West,Optician_A,38.25,7,Low Risk
ORD-1831,3/29/2025,LENS-M-02,17,North,Optician_C,425,21,Medium Risk
ORD-1832,3/30/2025,SURG-P-02,4,West,Surgeon_K,340,30,Medium Risk
ORD-1833,4/24/2025,LENS-M-02,23,East,Optician_B,575,21,Medium Risk
ORD-1834,10/31/2025,FRM-W-12,6,East,Optician_B,291,30,Medium Risk
ORD-1835,11-03-2025,SURG-L-01,6,South,Optician_B,900,45,High Risk
ORD-1836,4/26/2025,FRM-W-12,14,East,Optician_C,679,30,Medium Risk
ORD-1837,08-10-2025,SURG-P-02,9,South,Optician_A,765,30,Medium Risk
ORD-1838,1/19/2025,FRM-W-12,4,West,Surgeon_K,194,30,Medium Risk
ORD-1839,06-06-2025,LENS-M-02,25,West,Optician_A,625,21,Medium Risk
ORD-1840,4/16/2025,LENS-D-01,8,East,Optician_B,100,14,Low Risk
ORD-1841,4/28/2025,LENS-M-02,25,West,Optician_C,625,21,Medium Risk
ORD-1842,3/15/2025,FRM-W-12,10,East,Optician_B,485,30,Medium Risk
ORD-1843,1/22/2025,FRM-W-12,18,East,Optician_B,873,30,Medium Risk
ORD-1844,9/25/2025,LENS-M-02,17,West,Surgeon_K,425,21,Medium Risk
ORD-1845,08-09-2025,SURG-L-01,6,West,Optician_A,900,45,High Risk
ORD-1846,9/18/2025,LENS-M-02,8,North,Surgeon_K,200,21,Medium Risk
ORD-1847,7/27/2025,FRM-W-12,2,East,Optician_C,97,30,Medium Risk
ORD-1848,4/30/2025,SOL-S-01,7,North,Optician_A,29.75,7,Low Risk
ORD-1849,03-04-2025,SURG-L-01,3,North,Optician_A,450,45,High Risk
ORD-1850,7/30/2025,SOL-S-01,22,West,Optician_C,93.5,7,Low Risk
ORD-1851,07-02-2025,SURG-P-02,16,South,Surgeon_K,1360,30,Medium Risk
ORD-1852,01-08-2025,SOL-S-01,12,West,Optician_C,51,7,Low Risk
ORD-1853,11-02-2025,SURG-P-02,18,North,Optician_B,1530,30,Medium Risk
ORD-1854,03-07-2025,SURG-P-02,18,North,Optician_A,1530,30,Medium Risk
ORD-1855,4/20/2025,LENS-D-01,10,West,Optician_C,125,14,Low Risk
ORD-1856,3/20/2025,SURG-P-02,16,South,Surgeon_K,1360,30,Medium Risk
ORD-1857,3/27/2025,FRM-M-10,21,North,Optician_B,945,30,Medium Risk
ORD-1858,12-03-2025,FRM-M-10,9,South,Optician_A,405,30,Medium Risk
ORD-1859,6/18/2025,FRM-M-10,25,South,Optician_A,1125,30,Medium Risk
ORD-1860,10/28/2025,FRM-W-12,21,South,Surgeon_K,1018.5,30,Medium Risk
ORD-1861,01-07-2025,LENS-M-02,20,West,Surgeon_K,500,21,Medium Risk
ORD-1862,9/28/2025,SURG-P-02,6,West,Optician_B,510,30,Medium Risk
ORD-1863,12-07-2025,FRM-W-12,22,South,Surgeon_K,1067,30,Medium Risk
ORD-1864,9/27/2025,FRM-W-12,13,North,Optician_C,630.5,30,Medium Risk
ORD-1865,08-01-2025,SOL-S-01,24,West,Surgeon_K,102,7,Low Risk
ORD-1866,06-03-2025,SURG-P-02,21,West,Optician_B,1785,30,Medium Risk
ORD-1867,4/24/2025,FRM-M-10,23,East,Surgeon_K,1035,30,Medium Risk
ORD-1868,8/24/2025,LENS-M-02,6,North,Surgeon_K,150,21,Medium Risk
ORD-1869,09-03-2025,LENS-D-01,20,East,Surgeon_K,250,14,Low Risk
ORD-1870,2/23/2025,SURG-L-01,16,East,Optician_C,2400,45,High Risk
ORD-1871,9/14/2025,LENS-D-01,21,West,Optician_A,262.5,14,Low Risk
ORD-1872,11/29/2025,SURG-P-02,16,North,Optician_A,1360,30,Medium Risk
ORD-1873,12/30/2025,LENS-M-02,12,South,Optician_A,300,21,Medium Risk
ORD-1874,3/17/2025,FRM-W-12,23,West,Optician_C,1115.5,30,Medium Risk
ORD-1875,5/31/2025,SURG-P-02,7,West,Surgeon_K,595,30,Medium Risk
ORD-1876,1/30/2025,FRM-M-10,25,East,Optician_C,1125,30,Medium Risk
ORD-1877,1/28/2025,SURG-P-02,9,South,Surgeon_K,765,30,Medium Risk
ORD-1878,1/21/2025,LENS-D-01,16,West,Optician_A,200,14,Low Risk
ORD-1879,7/29/2025,LENS-D-01,24,East,Surgeon_K,300,14,Low Risk
ORD-1880,2/24/2025,LENS-D-01,1,West,Optician_C,12.5,14,Low Risk
ORD-1881,11/26/2025,LENS-M-02,20,East,Surgeon_K,500,21,Medium Risk
ORD-1882,12/13/2025,SURG-P-02,15,West,Surgeon_K,1275,30,Medium Risk
ORD-1883,06-04-2025,SOL-S-01,15,North,Optician_B,63.75,7,Low Risk
ORD-1884,4/13/2025,SOL-S-01,13,East,Optician_A,55.25,7,Low Risk
ORD-1885,04-07-2025,SURG-P-02,25,South,Surgeon_K,2125,30,Medium Risk
ORD-1886,3/29/2025,SURG-L-01,19,East,Optician_B,2850,45,High Risk
ORD-1887,12/14/2025,LENS-M-02,8,South,Optician_C,200,21,Medium Risk
ORD-1888,11-06-2025,SURG-P-02,9,North,Optician_A,765,30,Medium Risk
ORD-1889,05-11-2025,SURG-P-02,9,East,Optician_C,765,30,Medium Risk
ORD-1890,10-05-2025,LENS-D-01,2,West,Optician_A,25,14,Low Risk
ORD-1891,04-06-2025,LENS-D-01,1,North,Optician_A,12.5,14,Low Risk
ORD-1892,06-05-2025,FRM-W-12,18,West,Surgeon_K,873,30,Medium Risk
ORD-1893,8/14/2025,LENS-D-01,4,East,Optician_B,50,14,Low Risk
ORD-1894,03-11-2025,SURG-P-02,20,South,Optician_C,1700,30,Medium Risk
ORD-1895,5/25/2025,SURG-P-02,8,West,Optician_C,680,30,Medium Risk
ORD-1896,1/16/2025,SOL-S-01,17,West,Surgeon_K,72.25,7,Low Risk
ORD-1897,08-11-2025,LENS-M-02,17,East,Optician_B,425,21,Medium Risk
ORD-1898,07-10-2025,SOL-S-01,10,North,Optician_B,42.5,7,Low Risk
ORD-1899,07-06-2025,LENS-D-01,7,West,Optician_B,87.5,14,Low Risk
ORD-1900,7/24/2025,LENS-M-02,6,South,Optician_A,150,21,Medium Risk
ORD-1901,3/17/2025,LENS-D-01,23,West,Optician_A,287.5,14,Low Risk
ORD-1902,8/31/2025,LENS-D-01,22,South,Optician_A,275,14,Low Risk
ORD-1903,11/24/2025,SURG-L-01,24,South,Optician_B,3600,45,High Risk
ORD-1904,02-12-2025,SURG-L-01,18,South,Optician_C,2700,45,High Risk
ORD-1905,3/23/2025,LENS-D-01,10,South,Optician_C,125,14,Low Risk
ORD-1906,04-05-2025,FRM-M-10,11,South,Surgeon_K,495,30,Medium Risk
ORD-1907,2/16/2025,FRM-M-10,23,North,Surgeon_K,1035,30,Medium Risk
ORD-1908,08-11-2025,LENS-M-02,8,South,Optician_C,200,21,Medium Risk
ORD-1909,4/14/2025,SURG-L-01,17,South,Optician_B,2550,45,High Risk
ORD-1910,2/22/2025,FRM-W-12,7,South,Optician_B,339.5,30,Medium Risk
ORD-1911,1/21/2025,LENS-M-02,2,South,Surgeon_K,50,21,Medium Risk
ORD-1912,4/24/2025,SURG-L-01,25,East,Optician_B,3750,45,High Risk
ORD-1913,01-07-2025,SURG-P-02,7,South,Optician_A,595,30,Medium Risk
ORD-1914,4/25/2025,FRM-M-10,19,West,Optician_C,855,30,Medium Risk
ORD-1915,12/25/2025,LENS-D-01,11,West,Optician_B,137.5,14,Low Risk
